,index,0
0,address1,One Apple Park Way
1,city,Cupertino
2,state,CA
3,zip,95014
4,country,United States
5,phone,408 996 1010
6,website,https://www.apple.com
7,industry,Consumer Electronics
8,industryKey,consumer-electronics
9,industryDisp,Consumer Electronics
10,sector,Technology
11,sectorKey,technology
12,sectorDisp,Technology
13,longBusinessSummary,"Apple Inc. designs, manufactures, and markets smartphones, personal computers, tablets, wearables, and accessories worldwide. The company offers iPhone, a line of smartphones; Mac, a line of personal computers; iPad, a line of multi-purpose tablets; and wearables, home, and accessories comprising AirPods, Apple TV, Apple Watch, Beats products, and HomePod. It also provides AppleCare support and cloud services; and operates various platforms, including the App Store that allow customers to discover and download applications and digital content, such as books, music, video, games, and podcasts. In addition, the company offers various services, such as Apple Arcade, a game subscription service; Apple Fitness+, a personalized fitness service; Apple Music, which offers users a curated listening experience with on-demand radio stations; Apple News+, a subscription news and magazine service; Apple TV+, which offers exclusive original content; Apple Card, a co-branded credit card; and Apple Pay, a cashless payment service, as well as licenses its intellectual property. The company serves consumers, and small and mid-sized businesses; and the education, enterprise, and government markets. It distributes third-party applications for its products through the App Store. The company also sells its products through its retail and online stores, and direct sales force; and third-party cellular network carriers, wholesalers, retailers, and resellers. Apple Inc. was founded in 1976 and is headquartered in Cupertino, California."
14,fullTimeEmployees,150000
15,companyOfficers,"[{'maxAge': 1, 'name': 'Mr. Timothy D. Cook', 'age': 62, 'title': 'CEO & Director', 'yearBorn': 1961, 'fiscalYear': 2023, 'totalPay': 16239562, 'exercisedValue': 0, 'unexercisedValue': 0}, {'maxAge': 1, 'name': 'Mr. Luca  Maestri', 'age': 60, 'title': 'CFO & Senior VP', 'yearBorn': 1963, 'fiscalYear': 2023, 'totalPay': 4612242, 'exercisedValue': 0, 'unexercisedValue': 0}, {'maxAge': 1, 'name': 'Mr. Jeffrey E. Williams', 'age': 59, 'title': 'Chief Operating Officer', 'yearBorn': 1964, 'fiscalYear': 2023, 'totalPay': 4637585, 'exercisedValue': 0, 'unexercisedValue': 0}, {'maxAge': 1, 'name': 'Ms. Katherine L. Adams', 'age': 59, 'title': 'Senior VP, General Counsel & Secretary', 'yearBorn': 1964, 'fiscalYear': 2023, 'totalPay': 4618064, 'exercisedValue': 0, 'unexercisedValue': 0}, {'maxAge': 1, 'name': ""Ms. Deirdre  O'Brien"", 'age': 56, 'title': 'Senior Vice President of Retail', 'yearBorn': 1967, 'fiscalYear': 2023, 'totalPay': 4613369, 'exercisedValue': 0, 'unexercisedValue': 0}, {'maxAge': 1, 'name': 'Mr. Chris  Kondo', 'title': 'Senior Director of Corporate Accounting', 'fiscalYear': 2023, 'exercisedValue': 0, 'unexercisedValue': 0}, {'maxAge': 1, 'name': 'Mr. James  Wilson', 'title': 'Chief Technology Officer', 'fiscalYear': 2023, 'exercisedValue': 0, 'unexercisedValue': 0}, {'maxAge': 1, 'name': 'Suhasini  Chandramouli', 'title': 'Director of Investor Relations', 'fiscalYear': 2023, 'exercisedValue': 0, 'unexercisedValue': 0}, {'maxAge': 1, 'name': 'Mr. Greg  Joswiak', 'title': 'Senior Vice President of Worldwide Marketing', 'fiscalYear': 2023, 'exercisedValue': 0, 'unexercisedValue': 0}, {'maxAge': 1, 'name': 'Mr. Adrian  Perica', 'age': 49, 'title': 'Head of Corporate Development', 'yearBorn': 1974, 'fiscalYear': 2023, 'exercisedValue': 0, 'unexercisedValue': 0}]"
16,auditRisk,6
17,boardRisk,1
18,compensationRisk,2
19,shareHolderRightsRisk,1
20,overallRisk,1
21,governanceEpochDate,1717200000
22,compensationAsOfEpochDate,1703980800
23,irWebsite,http://investor.apple.com/
24,maxAge,86400
25,priceHint,2
26,previousClose,193.12
27,open,193.66
28,dayLow,193.64
29,dayHigh,207.16
30,regularMarketPreviousClose,193.12
31,regularMarketOpen,193.66
32,regularMarketDayLow,193.64
33,regularMarketDayHigh,207.16
34,dividendRate,1.0
35,dividendYield,0.0052
36,exDividendDate,1715299200
37,payoutRatio,0.14930001
38,fiveYearAvgDividendYield,0.71
39,beta,1.25
40,trailingPE,32.216175
41,forwardPE,28.691135
42,volume,168874733
43,regularMarketVolume,168874733
44,averageVolume,60834374
45,averageVolume10days,57371080
46,averageDailyVolume10Day,57371080
47,bid,207.03
48,ask,207.12
49,bidSize,100
50,askSize,100
51,marketCap,3176458616832
52,fiftyTwoWeekLow,164.08
53,fiftyTwoWeekHigh,207.16
54,priceToSalesTrailing12Months,8.323551
55,fiftyDayAverage,179.9666
56,twoHundredDayAverage,181.786
57,trailingAnnualDividendRate,0.96
58,trailingAnnualDividendYield,0.0049710027
59,currency,USD
60,enterpriseValue,3213895139328
61,profitMargins,0.26306
62,floatShares,15308014061
63,sharesOutstanding,15334099968
64,sharesShort,99287450
65,sharesShortPriorMonth,101912593
66,sharesShortPreviousMonthDate,1713139200
67,dateShortInterest,1715731200
68,sharesPercentSharesOut,0.0064999997
69,heldPercentInsiders,0.052199997
70,heldPercentInstitutions,0.57611
71,shortRatio,1.53
72,shortPercentOfFloat,0.0064999997
73,impliedSharesOutstanding,15334099968
74,bookValue,4.837
75,priceToBook,42.82613
76,lastFiscalYearEnd,1696032000
77,nextFiscalYearEnd,1727654400
78,mostRecentQuarter,1711756800
79,earningsQuarterlyGrowth,-0.022
80,netIncomeToCommon,100389003264
81,trailingEps,6.43
82,forwardEps,6.7
83,pegRatio,2.79
84,lastSplitFactor,4:1
85,lastSplitDate,1598832000
86,enterpriseToRevenue,8.422
87,enterpriseToEbitda,24.793
88,52WeekChange,0.049850464
89,SandP52WeekChange,0.22599876
90,lastDividendValue,0.25
91,lastDividendDate,1715299200
92,exchange,NMS
93,quoteType,EQUITY
94,symbol,AAPL
95,underlyingSymbol,AAPL
96,shortName,Apple Inc.
97,longName,Apple Inc.
98,firstTradeDateEpochUtc,345479400
99,timeZoneFullName,America/New_York
100,timeZoneShortName,EDT
101,uuid,8b10e4ae-9eeb-3684-921a-9ab27e4d87aa
102,messageBoardId,finmb_24937
103,gmtOffSetMilliseconds,-14400000
104,currentPrice,207.15
105,targetHighPrice,275.0
106,targetLowPrice,164.0
107,targetMeanPrice,205.04
108,targetMedianPrice,202.86
109,recommendationMean,2.1
110,recommendationKey,buy
111,numberOfAnalystOpinions,37
112,totalCash,67150000128
113,totalCashPerShare,4.379
114,ebitda,129629003776
115,totalDebt,104590000128
116,quickRatio,0.875
117,currentRatio,1.037
118,totalRevenue,381623009280
119,debtToEquity,140.968
120,revenuePerShare,24.537
121,returnOnAssets,0.22073999
122,returnOnEquity,1.4725
123,freeCashflow,84726874112
124,operatingCashflow,110563000320
125,earningsGrowth,0.007
126,revenueGrowth,-0.043
127,grossMargins,0.45586
128,ebitdaMargins,0.33968
129,operatingMargins,0.30743
130,financialCurrency,USD
131,trailingPegRatio,2.0439
