,index,0
0,address1,100 Abbott Park Road
1,address2,Abbott Park
2,city,North Chicago
3,state,IL
4,zip,60064-6400
5,country,United States
6,phone,224 667 6100
7,website,https://www.abbott.com
8,industry,Medical Devices
9,industryKey,medical-devices
10,industryDisp,Medical Devices
11,sector,Healthcare
12,sectorKey,healthcare
13,sectorDisp,Healthcare
14,longBusinessSummary,"Abbott Laboratories, together with its subsidiaries, discovers, develops, manufactures, and sells health care products worldwide. It operates in four segments: Established Pharmaceutical Products, Diagnostic Products, Nutritional Products, and Medical Devices. The company provides generic pharmaceuticals for the treatment of pancreatic exocrine insufficiency, irritable bowel syndrome or biliary spasm, intrahepatic cholestasis or depressive symptoms, gynecological disorder, hormone replacement therapy, dyslipidemia, hypertension, hypothyroidism, Ménière's disease and vestibular vertigo, pain, fever, inflammation, and migraine, as well as provides anti-infective clarithromycin, influenza vaccine, and products to regulate physiological rhythm of the colon. It also offers laboratory and transfusion medicine systems in the areas of immunoassay, clinical chemistry, hematology, and transfusion; molecular diagnostics polymerase chain reaction instrument systems that automate the extraction, purification, and preparation of DNA and RNA from patient samples, and detect and measure infectious agents; point of care systems; cartridges for testing blood gas, chemistry, electrolytes, coagulation, and immunoassay; rapid diagnostics lateral flow testing products; molecular point-of-care testing for HIV, SARS-CoV-2, influenza A and B, RSV, and strep A; cardiometabolic test systems; drug and alcohol test, and remote patient monitoring and consumer self-test systems; and informatics and automation solutions for laboratories. In addition, the company provides pediatric and adult nutritional products; rhythm management, electrophysiology, heart failure, vascular, and structural heart devices for the treatment of cardiovascular diseases; diabetes care products, such as glucose and blood glucose monitoring systems; and neuromodulation devices for the management of chronic pain and movement disorders. Abbott Laboratories was founded in 1888 and is based in North Chicago, Illinois."
15,fullTimeEmployees,114000
16,companyOfficers,"[{'maxAge': 1, 'name': 'Mr. Robert B. Ford', 'age': 49, 'title': 'Chairman of the Board, President & CEO', 'yearBorn': 1974, 'fiscalYear': 2022, 'totalPay': 4728642, 'exercisedValue': 6643292, 'unexercisedValue': 68655224}, {'maxAge': 1, 'name': 'Mr. Philip P. Boudreau', 'age': 50, 'title': 'CFO & Senior VP of Finance', 'yearBorn': 1973, 'fiscalYear': 2022, 'totalPay': 1141526, 'exercisedValue': 0, 'unexercisedValue': 648597}, {'maxAge': 1, 'name': 'Mr. Hubert L. Allen', 'age': 57, 'title': 'Executive VP, General Counsel & Secretary', 'yearBorn': 1966, 'fiscalYear': 2022, 'totalPay': 2000616, 'exercisedValue': 0, 'unexercisedValue': 54985184}, {'maxAge': 1, 'name': 'Mr. Robert E. Funck Jr.', 'age': 62, 'title': 'Executive Vice President of Finance', 'yearBorn': 1961, 'fiscalYear': 2022, 'totalPay': 2175890, 'exercisedValue': 0, 'unexercisedValue': 19826788}, {'maxAge': 1, 'name': 'Mr. Daniel Gesua Sive Salvadori', 'age': 44, 'title': 'Executive VP and Group President of Established Pharmaceuticals & Nutritional Products', 'yearBorn': 1979, 'fiscalYear': 2022, 'totalPay': 1762277, 'exercisedValue': 0, 'unexercisedValue': 27287174}, {'maxAge': 1, 'name': 'Ms. Lisa D. Earnhardt', 'age': 53, 'title': 'Executive VP & Group President of Medical Devices', 'yearBorn': 1970, 'fiscalYear': 2022, 'totalPay': 1727934, 'exercisedValue': 0, 'unexercisedValue': 5226775}, {'maxAge': 1, 'name': 'Ms. Sabina  Ewing', 'age': 49, 'title': 'Senior VP of Business & Technology Services and Chief Information Officer', 'yearBorn': 1974, 'fiscalYear': 2022, 'exercisedValue': 0, 'unexercisedValue': 0}, {'maxAge': 1, 'name': 'Erica L. Battaglia', 'title': 'VP and Chief Ethics & Compliance Officer', 'fiscalYear': 2022, 'exercisedValue': 0, 'unexercisedValue': 0}, {'maxAge': 1, 'name': 'Ms. Melissa  Brotz', 'title': 'Vice President of Public Affairs & Corporate Marketing', 'fiscalYear': 2022, 'exercisedValue': 0, 'unexercisedValue': 0}, {'maxAge': 1, 'name': 'Mr. Christopher J. Scoggins', 'age': 53, 'title': 'Senior Vice President of Commercial Operations, Marketing & Diabetes Care', 'yearBorn': 1970, 'fiscalYear': 2022, 'exercisedValue': 0, 'unexercisedValue': 0}]"
17,auditRisk,9
18,boardRisk,7
19,compensationRisk,9
20,shareHolderRightsRisk,2
21,overallRisk,7
22,governanceEpochDate,1717200000
23,compensationAsOfEpochDate,1672444800
24,irWebsite,http://www.abbottinvestor.com/phoenix.zhtml?c=94004&p=irol-irhome
25,maxAge,86400
26,priceHint,2
27,previousClose,107.49
28,open,107.32
29,dayLow,105.53
30,dayHigh,107.32
31,regularMarketPreviousClose,107.49
32,regularMarketOpen,107.32
33,regularMarketDayLow,105.53
34,regularMarketDayHigh,107.32
35,dividendRate,2.2
36,dividendYield,0.020499999
37,exDividendDate,1712880000
38,payoutRatio,0.648
39,fiveYearAvgDividendYield,1.6
40,beta,0.739
41,trailingPE,32.962616
42,forwardPE,20.585604
43,volume,7515395
44,regularMarketVolume,7515395
45,averageVolume,6188290
46,averageVolume10days,6193080
47,averageDailyVolume10Day,6193080
48,bidSize,800
49,askSize,1400
50,marketCap,184070242304
51,fiftyTwoWeekLow,89.67
52,fiftyTwoWeekHigh,121.64
53,priceToSalesTrailing12Months,4.5645547
54,fiftyDayAverage,106.3674
55,twoHundredDayAverage,106.14805
56,trailingAnnualDividendRate,2.12
57,trailingAnnualDividendYield,0.019722763
58,currency,USD
59,enterpriseValue,192357728256
60,profitMargins,0.13961
61,floatShares,1728535616
62,sharesOutstanding,1739629952
63,sharesShort,14768830
64,sharesShortPriorMonth,12937099
65,sharesShortPreviousMonthDate,1713139200
66,dateShortInterest,1715731200
67,sharesPercentSharesOut,0.0085
68,heldPercentInsiders,0.0053100004
69,heldPercentInstitutions,0.77026004
70,shortRatio,2.62
71,shortPercentOfFloat,0.0085
72,impliedSharesOutstanding,1749479936
73,bookValue,22.309
74,priceToBook,4.742929
75,lastFiscalYearEnd,1703980800
76,nextFiscalYearEnd,1735603200
77,mostRecentQuarter,1711843200
78,earningsQuarterlyGrowth,-0.071
79,netIncomeToCommon,5608000000
80,trailingEps,3.21
81,forwardEps,5.14
82,pegRatio,2.78
83,lastSplitFactor,10000:4798
84,lastSplitDate,1357084800
85,enterpriseToRevenue,4.77
86,enterpriseToEbitda,18.553
87,52WeekChange,0.041065335
88,SandP52WeekChange,0.22599876
89,lastDividendValue,0.55
90,lastDividendDate,1712880000
91,exchange,NYQ
92,quoteType,EQUITY
93,symbol,ABT
94,underlyingSymbol,ABT
95,shortName,Abbott Laboratories
96,longName,Abbott Laboratories
97,firstTradeDateEpochUtc,322151400
98,timeZoneFullName,America/New_York
99,timeZoneShortName,EDT
100,uuid,5f9c82b0-139d-3f8f-b30c-efd7ee9ccdcf
101,messageBoardId,finmb_247483
102,gmtOffSetMilliseconds,-14400000
103,currentPrice,105.81
104,targetHighPrice,143.0
105,targetLowPrice,107.0
106,targetMeanPrice,125.68
107,targetMedianPrice,125.0
108,recommendationMean,2.0
109,recommendationKey,buy
110,numberOfAnalystOpinions,21
111,totalCash,6650999808
112,totalCashPerShare,3.823
113,ebitda,10368000000
114,totalDebt,14705000448
115,quickRatio,0.945
116,currentRatio,1.596
117,totalRevenue,40326000640
118,debtToEquity,37.664
119,revenuePerShare,23.181
120,returnOnAssets,0.060900003
121,returnOnEquity,0.14762
122,freeCashflow,4607124992
123,operatingCashflow,7143000064
124,earningsGrowth,-0.067
125,revenueGrowth,0.022
126,grossMargins,0.55265
127,ebitdaMargins,0.2571
128,operatingMargins,0.15405
129,financialCurrency,USD
130,trailingPegRatio,4.3222
