,index,0
0,address1,345 Park Avenue
1,city,San Jose
2,state,CA
3,zip,95110-2704
4,country,United States
5,phone,408 536 6000
6,fax,408 537 6000
7,website,https://www.adobe.com
8,industry,Software - Infrastructure
9,industryKey,software-infrastructure
10,industryDisp,Software - Infrastructure
11,sector,Technology
12,sectorKey,technology
13,sectorDisp,Technology
14,longBusinessSummary,"Adobe Inc., together with its subsidiaries, operates as a diversified software company worldwide. It operates through three segments: Digital Media, Digital Experience, and Publishing and Advertising. The Digital Media segment offers products, services, and solutions that enable individuals, teams, and enterprises to create, publish, and promote content; and Document Cloud, a unified cloud-based document services platform. Its flagship product is Creative Cloud, a subscription service that allows members to access its creative products. This segment serves content creators, students, workers, marketers, educators, enthusiasts, and communicators. The Digital Experience segment provides an integrated platform and set of applications and services that enable brands and businesses to create, manage, execute, measure, monetize, and optimize customer experiences from analytics to commerce. This segment serves marketers, advertisers, agencies, publishers, merchandisers, merchants, web analysts, data scientists, developers, and executives across the C-suite. The Publishing and Advertising segment offers products and services, such as e-learning solutions, technical document publishing, web conferencing, document and forms platform, web application development, and high-end printing, as well as Advertising Cloud offerings. It also provides consulting, technical support, and learning services. The company offers its products and services directly to enterprise customers through its sales force and local field offices, as well as to end users through app stores and through its website at adobe.com. It also distributes products and services through distributors, value-added resellers, systems integrators, software vendors and developers, retailers, and original equipment manufacturers. The company was formerly known as Adobe Systems Incorporated and changed its name to Adobe Inc. in October 2018. Adobe Inc. was founded in 1982 and is headquartered in San Jose, California."
15,fullTimeEmployees,29945
16,companyOfficers,"[{'maxAge': 1, 'name': 'Mr. Shantanu  Narayen', 'age': 59, 'title': 'Chairman & CEO', 'yearBorn': 1964, 'fiscalYear': 2023, 'totalPay': 4855283, 'exercisedValue': 0, 'unexercisedValue': 0}, {'maxAge': 1, 'name': 'Mr. Daniel J. Durn', 'age': 57, 'title': 'CFO and Executive VP of Finance, Technology Services & Operations', 'yearBorn': 1966, 'fiscalYear': 2023, 'totalPay': 1801143, 'exercisedValue': 0, 'unexercisedValue': 0}, {'maxAge': 1, 'name': 'Mr. David  Wadhwani', 'age': 51, 'title': 'President of Digital Media Business', 'yearBorn': 1972, 'fiscalYear': 2023, 'totalPay': 3267312, 'exercisedValue': 0, 'unexercisedValue': 0}, {'maxAge': 1, 'name': 'Mr. Scott K. Belsky', 'age': 43, 'title': 'Chief Strategy Officer and Executive VP of Design & Emerging Products', 'yearBorn': 1980, 'fiscalYear': 2023, 'totalPay': 1451463, 'exercisedValue': 0, 'unexercisedValue': 0}, {'maxAge': 1, 'name': 'Dr. Anil S. Chakravarthy', 'age': 55, 'title': 'President of Digital Experience Business', 'yearBorn': 1968, 'fiscalYear': 2023, 'totalPay': 1619479, 'exercisedValue': 0, 'unexercisedValue': 0}, {'maxAge': 1, 'name': 'Mr. Mark S. Garfield', 'age': 52, 'title': 'Senior VP, Chief Accounting Officer & Corporate Controller', 'yearBorn': 1971, 'fiscalYear': 2023, 'exercisedValue': 0, 'unexercisedValue': 0}, {'maxAge': 1, 'name': 'Ms. Cynthia A. Stoddard', 'age': 66, 'title': 'Senior VP & Chief Information Officer', 'yearBorn': 1957, 'fiscalYear': 2023, 'exercisedValue': 0, 'unexercisedValue': 0}, {'maxAge': 1, 'name': 'Mr. Jonathan  Vaas', 'title': 'Vice President of Investor Relations', 'fiscalYear': 2023, 'exercisedValue': 0, 'unexercisedValue': 0}, {'maxAge': 1, 'name': 'Mr. Dana  Rao', 'age': 53, 'title': 'Executive VP, General Counsel, Chief Trust Officer & Corporate Secretary', 'yearBorn': 1970, 'fiscalYear': 2023, 'exercisedValue': 0, 'unexercisedValue': 0}, {'maxAge': 1, 'name': 'Ms. Gloria  Chen', 'age': 58, 'title': 'Chief People Officer & Executive VP of Employee Experience', 'yearBorn': 1965, 'fiscalYear': 2023, 'exercisedValue': 0, 'unexercisedValue': 0}]"
17,auditRisk,1
18,boardRisk,6
19,compensationRisk,6
20,shareHolderRightsRisk,1
21,overallRisk,1
22,governanceEpochDate,1717200000
23,compensationAsOfEpochDate,1703980800
24,irWebsite,http://www.adobe.com/aboutadobe/invrelations/
25,maxAge,86400
26,priceHint,2
27,previousClose,459.94
28,open,456.91
29,dayLow,455.63
30,dayHigh,462.74
31,regularMarketPreviousClose,459.94
32,regularMarketOpen,456.91
33,regularMarketDayLow,455.63
34,regularMarketDayHigh,462.74
35,exDividendDate,1111622400
36,fiveYearAvgDividendYield,0.12
37,beta,1.269
38,trailingPE,44.107723
39,forwardPE,22.714285
40,volume,2649066
41,regularMarketVolume,2649066
42,averageVolume,3568858
43,averageVolume10days,3746240
44,averageDailyVolume10Day,3746240
45,bid,462.49
46,ask,462.82
47,bidSize,100
48,askSize,100
49,marketCap,207285125120
50,fiftyTwoWeekLow,433.97
51,fiftyTwoWeekHigh,638.25
52,priceToSalesTrailing12Months,10.397529
53,fiftyDayAverage,476.4012
54,twoHundredDayAverage,545.2845
55,currency,USD
56,enterpriseValue,203319115776
57,profitMargins,0.24082
58,floatShares,446745600
59,sharesOutstanding,448000000
60,sharesShort,8007830
61,sharesShortPriorMonth,7193329
62,sharesShortPreviousMonthDate,1713139200
63,dateShortInterest,1715731200
64,sharesPercentSharesOut,0.0179
65,heldPercentInsiders,0.00209
66,heldPercentInstitutions,0.8627
67,shortRatio,2.99
68,shortPercentOfFloat,0.0179
69,impliedSharesOutstanding,480152992
70,bookValue,34.128
71,priceToBook,13.55749
72,lastFiscalYearEnd,1701388800
73,nextFiscalYearEnd,1733011200
74,mostRecentQuarter,1709251200
75,earningsQuarterlyGrowth,-0.503
76,netIncomeToCommon,4800999936
77,trailingEps,10.49
78,forwardEps,18.9
79,pegRatio,1.91
80,lastSplitFactor,2:1
81,lastSplitDate,1116892800
82,enterpriseToRevenue,10.199
83,enterpriseToEbitda,26.791
84,52WeekChange,-0.040852487
85,SandP52WeekChange,0.22599876
86,lastDividendValue,0.0065
87,lastDividendDate,1111622400
88,exchange,NMS
89,quoteType,EQUITY
90,symbol,ADBE
91,underlyingSymbol,ADBE
92,shortName,Adobe Inc.
93,longName,Adobe Inc.
94,firstTradeDateEpochUtc,524323800
95,timeZoneFullName,America/New_York
96,timeZoneShortName,EDT
97,uuid,bccf427f-30a1-3360-9ce4-c77a8198c902
98,messageBoardId,finmb_24321
99,gmtOffSetMilliseconds,-14400000
100,currentPrice,462.69
101,targetHighPrice,732.52
102,targetLowPrice,445.0
103,targetMeanPrice,610.68
104,targetMedianPrice,640.0
105,recommendationMean,2.0
106,recommendationKey,buy
107,numberOfAnalystOpinions,32
108,totalCash,6819999744
109,totalCashPerShare,15.223
110,ebitda,7589000192
111,totalDebt,4086000128
112,quickRatio,0.931
113,currentRatio,1.049
114,totalRevenue,19936000000
115,debtToEquity,26.429
116,revenuePerShare,43.762
117,returnOnAssets,0.15724
118,returnOnEquity,0.32367
119,freeCashflow,6730375168
120,operatingCashflow,6783000064
121,earningsGrowth,-0.498
122,revenueGrowth,0.113
123,grossMargins,0.88082004
124,ebitdaMargins,0.38067
125,operatingMargins,0.368
126,financialCurrency,USD
127,trailingPegRatio,1.7065
