,index,0
0,address1,2485 Augustine Drive
1,city,Santa Clara
2,state,CA
3,zip,95054
4,country,United States
5,phone,408 749 4000
6,website,https://www.amd.com
7,industry,Semiconductors
8,industryKey,semiconductors
9,industryDisp,Semiconductors
10,sector,Technology
11,sectorKey,technology
12,sectorDisp,Technology
13,longBusinessSummary,"Advanced Micro Devices, Inc. operates as a semiconductor company worldwide. It operates through Data Center, Client, Gaming, and Embedded segments. The company offers x86 microprocessors and graphics processing units (GPUs) as an accelerated processing unit, chipsets, data center, and professional GPUs; and embedded processors, and semi-custom system-on-chip (SoC) products, microprocessor and SoC development services and technology, data processing unites, field programmable gate arrays (FPGA), and adaptive SoC products. It provides processors under the AMD Ryzen, AMD Ryzen PRO, Ryzen Threadripper, Ryzen Threadripper PRO, AMD Athlon, AMD Athlon PRO, and AMD PRO A-Series brand names; graphics under the AMD Radeon graphics and AMD Embedded Radeon graphics; and professional graphics under the AMD Radeon Pro graphics brand name. In addition, the company offers data center graphics under the Radeon Instinct and Radeon PRO V-series brands, as well as servers under the AMD Instinct accelerators brand; server microprocessors under the AMD EPYC brands; low power solutions under the AMD Athlon, AMD Geode, AMD Ryzen, AMD EPYC, AMD R-Series, and G-Series brands; FPGA products under the Virtex-6, Virtex-7, Virtex UltraScale+, Kintex-7, Kintex UltraScale, Kintex UltraScale+, Artix-7, Artix UltraScale+, Spartan-6, and Spartan-7 brands; adaptive SOCs under the Zynq-7000, Zynq UltraScale+ MPSoC, Zynq UltraScale+ RFSoCs, Versal HBM, Versal Premium, Versal Prime, Versal AI Core, Versal AI Edge, Vitis, and Vivado brands; and compute and network acceleration board products under the Alveo brand. It serves original equipment and design manufacturers, public cloud service providers, system integrators, independent distributors, and add-in-board manufacturers through its direct sales force, and sales representatives. Advanced Micro Devices, Inc. was incorporated in 1969 and is headquartered in Santa Clara, California."
14,fullTimeEmployees,26000
15,companyOfficers,"[{'maxAge': 1, 'name': 'Dr. Lisa T. Su Ph.D.', 'age': 53, 'title': 'Chair, President & CEO', 'yearBorn': 1970, 'fiscalYear': 2023, 'totalPay': 2661511, 'exercisedValue': 120403856, 'unexercisedValue': 84790664}, {'maxAge': 1, 'name': 'Ms. Jean X. Hu', 'age': 60, 'title': 'Executive VP, CFO & Treasurer', 'yearBorn': 1963, 'fiscalYear': 2023, 'totalPay': 3207599, 'exercisedValue': 0, 'unexercisedValue': 0}, {'maxAge': 1, 'name': 'Mr. Victor  Peng', 'age': 63, 'title': 'President of AMD', 'yearBorn': 1960, 'fiscalYear': 2023, 'totalPay': 1614277, 'exercisedValue': 0, 'unexercisedValue': 728203}, {'maxAge': 1, 'name': 'Mr. Forrest E. Norrod', 'age': 58, 'title': 'Executive VP & GM of Data Center Solutions Business Unit', 'yearBorn': 1965, 'fiscalYear': 2023, 'totalPay': 1227544, 'exercisedValue': 0, 'unexercisedValue': 15163074}, {'maxAge': 1, 'name': 'Mr. Philip  Guido', 'title': 'Executive VP & Chief Commercial Officer', 'fiscalYear': 2023, 'totalPay': 3781955, 'exercisedValue': 0, 'unexercisedValue': 0}, {'maxAge': 1, 'name': 'Mr. Keivan  Keshvari', 'title': 'Senior Vice President of Global Operations', 'fiscalYear': 2023, 'exercisedValue': 0, 'unexercisedValue': 0}, {'maxAge': 1, 'name': 'Ms. Darla M. Smith', 'age': 57, 'title': 'Corporate VP & Chief Accounting Officer', 'yearBorn': 1966, 'fiscalYear': 2023, 'exercisedValue': 0, 'unexercisedValue': 0}, {'maxAge': 1, 'name': 'Mr. Mark D. Papermaster', 'age': 61, 'title': 'CTO & Executive VP', 'yearBorn': 1962, 'fiscalYear': 2023, 'totalPay': 1140933, 'exercisedValue': 4836541, 'unexercisedValue': 22460436}, {'maxAge': 1, 'name': 'Mr. Hasmukh  Ranjan', 'title': 'Senior VP & Chief Information Officer', 'fiscalYear': 2023, 'exercisedValue': 0, 'unexercisedValue': 0}, {'maxAge': 1, 'name': 'Mr. Mitchell J. Haws', 'age': 59, 'title': 'Vice President of Investor Relations', 'yearBorn': 1964, 'fiscalYear': 2023, 'exercisedValue': 0, 'unexercisedValue': 0}]"
16,auditRisk,8
17,boardRisk,4
18,compensationRisk,8
19,shareHolderRightsRisk,3
20,overallRisk,6
21,governanceEpochDate,1717200000
22,compensationAsOfEpochDate,1703980800
23,irWebsite,http://phx.corporate-ir.net/phoenix.zhtml?c=74093&p=irol-IRHome
24,maxAge,86400
25,priceHint,2
26,previousClose,160.34
27,open,160.46
28,dayLow,156.92
29,dayHigh,161.52
30,regularMarketPreviousClose,160.34
31,regularMarketOpen,160.46
32,regularMarketDayLow,156.92
33,regularMarketDayHigh,161.52
34,exDividendDate,798940800
35,beta,1.686
36,trailingPE,230.37682
37,forwardPE,28.436495
38,volume,39633824
39,regularMarketVolume,39633824
40,averageVolume,57223112
41,averageVolume10days,56119230
42,averageDailyVolume10Day,56119230
43,bid,158.96
44,ask,159.04
45,bidSize,400
46,askSize,400
47,marketCap,256928645120
48,fiftyTwoWeekLow,93.12
49,fiftyTwoWeekHigh,227.3
50,priceToSalesTrailing12Months,11.268801
51,fiftyDayAverage,161.2124
52,twoHundredDayAverage,144.18124
53,currency,USD
54,enterpriseValue,253892247552
55,profitMargins,0.04895
56,floatShares,1605888647
57,sharesOutstanding,1616310016
58,sharesShort,34802025
59,sharesShortPriorMonth,32304929
60,sharesShortPreviousMonthDate,1713139200
61,dateShortInterest,1715731200
62,sharesPercentSharesOut,0.0215
63,heldPercentInsiders,0.0046
64,heldPercentInstitutions,0.72952
65,shortRatio,0.72
66,shortPercentOfFloat,0.0216
67,impliedSharesOutstanding,1616310016
68,bookValue,34.733
69,priceToBook,4.5766273
70,lastFiscalYearEnd,1703894400
71,nextFiscalYearEnd,1735516800
72,mostRecentQuarter,1711756800
73,netIncomeToCommon,1116000000
74,trailingEps,0.69
75,forwardEps,5.19
76,pegRatio,1.38
77,lastSplitFactor,2:1
78,lastSplitDate,966902400
79,enterpriseToRevenue,11.136
80,enterpriseToEbitda,66.169
81,52WeekChange,0.25924766
82,SandP52WeekChange,0.22599876
83,exchange,NMS
84,quoteType,EQUITY
85,symbol,AMD
86,underlyingSymbol,AMD
87,shortName,"Advanced Micro Devices, Inc."
88,longName,"Advanced Micro Devices, Inc."
89,firstTradeDateEpochUtc,322151400
90,timeZoneFullName,America/New_York
91,timeZoneShortName,EDT
92,uuid,48af4341-f745-363f-945f-a838eeabb062
93,messageBoardId,finmb_168864
94,gmtOffSetMilliseconds,-14400000
95,currentPrice,158.96
96,targetHighPrice,250.0
97,targetLowPrice,125.0
98,targetMeanPrice,187.37
99,targetMedianPrice,190.0
100,recommendationMean,1.9
101,recommendationKey,buy
102,numberOfAnalystOpinions,41
103,totalCash,6034999808
104,totalCashPerShare,3.734
105,ebitda,3836999936
106,totalDebt,2998000128
107,quickRatio,1.715
108,currentRatio,2.639
109,totalRevenue,22799998976
110,debtToEquity,5.335
111,revenuePerShare,14.113
112,returnOnAssets,0.00537
113,returnOnEquity,0.020130001
114,freeCashflow,2385499904
115,operatingCashflow,1702000000
116,revenueGrowth,0.022
117,grossMargins,0.50561
118,ebitdaMargins,0.16829
119,operatingMargins,0.00658
120,financialCurrency,USD
121,trailingPegRatio,1.4717
