,index,0
0,address1,410 Terry Avenue North
1,city,Seattle
2,state,WA
3,zip,98109-5210
4,country,United States
5,phone,206 266 1000
6,website,https://www.aboutamazon.com
7,industry,Internet Retail
8,industryKey,internet-retail
9,industryDisp,Internet Retail
10,sector,Consumer Cyclical
11,sectorKey,consumer-cyclical
12,sectorDisp,Consumer Cyclical
13,longBusinessSummary,"Amazon.com, Inc. engages in the retail sale of consumer products, advertising, and subscriptions service through online and physical stores in North America and internationally. The company operates through three segments: North America, International, and Amazon Web Services (AWS). It also manufactures and sells electronic devices, including Kindle, Fire tablets, Fire TVs, Echo, Ring, Blink, and eero; and develops and produces media content. In addition, the company offers programs that enable sellers to sell their products in its stores; and programs that allow authors, independent publishers, musicians, filmmakers, Twitch streamers, skill and app developers, and others to publish and sell content. Further, it provides compute, storage, database, analytics, machine learning, and other services, as well as advertising services through programs, such as sponsored ads, display, and video advertising. Additionally, the company offers Amazon Prime, a membership program. The company's products offered through its stores include merchandise and content purchased for resale and products offered by third-party sellers. It serves consumers, sellers, developers, enterprises, content creators, advertisers, and employees. Amazon.com, Inc. was incorporated in 1994 and is headquartered in Seattle, Washington."
14,fullTimeEmployees,1525000
15,companyOfficers,"[{'maxAge': 1, 'name': 'Mr. Jeffrey P. Bezos', 'age': 59, 'title': 'Founder & Executive Chairman', 'yearBorn': 1964, 'fiscalYear': 2023, 'totalPay': 1681840, 'exercisedValue': 0, 'unexercisedValue': 0}, {'maxAge': 1, 'name': 'Mr. Andrew R. Jassy', 'age': 55, 'title': 'President, CEO & Director', 'yearBorn': 1968, 'fiscalYear': 2023, 'totalPay': 1722764, 'exercisedValue': 0, 'unexercisedValue': 0}, {'maxAge': 1, 'name': 'Mr. Brian T. Olsavsky', 'age': 59, 'title': 'Senior VP & CFO', 'yearBorn': 1964, 'fiscalYear': 2023, 'totalPay': 371600, 'exercisedValue': 0, 'unexercisedValue': 0}, {'maxAge': 1, 'name': 'Mr. David A. Zapolsky', 'age': 59, 'title': 'Senior VP of Global Public Policy & General Counsel', 'yearBorn': 1964, 'fiscalYear': 2023, 'totalPay': 371600, 'exercisedValue': 0, 'unexercisedValue': 0}, {'maxAge': 1, 'name': 'Mr. Douglas J. Herrington', 'age': 56, 'title': 'Chief Executive Officer of Worldwide Amazon Stores', 'yearBorn': 1967, 'fiscalYear': 2023, 'totalPay': 394231, 'exercisedValue': 0, 'unexercisedValue': 0}, {'maxAge': 1, 'name': 'Ms. Shelley L. Reynolds', 'age': 58, 'title': 'VP, Worldwide Controller & Principal Accounting Officer', 'yearBorn': 1965, 'fiscalYear': 2023, 'totalPay': 163200, 'exercisedValue': 0, 'unexercisedValue': 0}, {'maxAge': 1, 'name': 'Dr. Werner  Vogels', 'title': 'Chief Technology Officer', 'fiscalYear': 2023, 'exercisedValue': 0, 'unexercisedValue': 0}, {'maxAge': 1, 'name': 'Mr. Dave  Fildes', 'title': 'Director of Investor Relations', 'fiscalYear': 2023, 'exercisedValue': 0, 'unexercisedValue': 0}, {'maxAge': 1, 'name': 'Ms. Anuradha  Aggarwal', 'title': 'CMO & Director of User Growth', 'fiscalYear': 2023, 'exercisedValue': 0, 'unexercisedValue': 0}, {'maxAge': 1, 'name': 'Ms. Beth  Galetti M.B.A.', 'title': 'Senior Vice President of Worldwide Human Resources', 'fiscalYear': 2023, 'exercisedValue': 0, 'unexercisedValue': 0}]"
16,auditRisk,5
17,boardRisk,10
18,compensationRisk,10
19,shareHolderRightsRisk,3
20,overallRisk,9
21,governanceEpochDate,1717200000
22,compensationAsOfEpochDate,1703980800
23,irWebsite,http://phx.corporate-ir.net/phoenix.zhtml?c=97664&p=irol-irhome
24,maxAge,86400
25,priceHint,2
26,previousClose,187.06
27,open,187.06
28,dayLow,184.5373
29,dayHigh,187.77
30,regularMarketPreviousClose,187.06
31,regularMarketOpen,187.06
32,regularMarketDayLow,184.5373
33,regularMarketDayHigh,187.77
34,beta,1.142
35,trailingPE,52.445377
36,forwardPE,32.505207
37,volume,27191845
38,regularMarketVolume,27191845
39,averageVolume,39025341
40,averageVolume10days,33407800
41,averageDailyVolume10Day,33407800
42,bid,187.22
43,ask,187.29
44,bidSize,100
45,askSize,100
46,marketCap,1948427616256
47,fiftyTwoWeekLow,118.35
48,fiftyTwoWeekHigh,191.7
49,priceToSalesTrailing12Months,3.2982829
50,fiftyDayAverage,182.6602
51,twoHundredDayAverage,158.3085
52,currency,USD
53,enterpriseValue,2023918796800
54,profitMargins,0.06379
55,floatShares,9261586201
56,sharesOutstanding,10406599680
57,sharesShort,70812929
58,sharesShortPriorMonth,75734073
59,sharesShortPreviousMonthDate,1713139200
60,dateShortInterest,1715731200
61,sharesPercentSharesOut,0.0068
62,heldPercentInsiders,0.09158
63,heldPercentInstitutions,0.63644004
64,shortRatio,1.55
65,shortPercentOfFloat,0.0076
66,impliedSharesOutstanding,10406599680
67,bookValue,20.827
68,priceToBook,8.989773
69,lastFiscalYearEnd,1703980800
70,nextFiscalYearEnd,1735603200
71,mostRecentQuarter,1711843200
72,earningsQuarterlyGrowth,2.288
73,netIncomeToCommon,37683998720
74,trailingEps,3.57
75,forwardEps,5.34
76,pegRatio,1.35
77,lastSplitFactor,20:1
78,lastSplitDate,1654473600
79,enterpriseToRevenue,3.426
80,enterpriseToEbitda,20.95
81,52WeekChange,0.47967088
82,SandP52WeekChange,0.22599876
83,exchange,NMS
84,quoteType,EQUITY
85,symbol,AMZN
86,underlyingSymbol,AMZN
87,shortName,"Amazon.com, Inc."
88,longName,"Amazon.com, Inc."
89,firstTradeDateEpochUtc,863703000
90,timeZoneFullName,America/New_York
91,timeZoneShortName,EDT
92,uuid,261fd26b-0151-3813-b0d0-97e4ed4c6505
93,messageBoardId,finmb_18749
94,gmtOffSetMilliseconds,-14400000
95,currentPrice,187.23
96,targetHighPrice,500.0
97,targetLowPrice,180.0
98,targetMeanPrice,224.67
99,targetMedianPrice,220.0
100,recommendationMean,1.7
101,recommendationKey,buy
102,numberOfAnalystOpinions,52
103,totalCash,85074001920
104,totalCashPerShare,8.175
105,ebitda,96609001472
106,totalDebt,160560005120
107,quickRatio,0.829
108,currentRatio,1.072
109,totalRevenue,590739996672
110,debtToEquity,74.107
111,revenuePerShare,57.133
112,returnOnAssets,0.059510004
113,returnOnEquity,0.20305
114,freeCashflow,57269751808
115,operatingCashflow,99146997760
116,earningsGrowth,2.167
117,revenueGrowth,0.125
118,grossMargins,0.47594002
119,ebitdaMargins,0.16354
120,operatingMargins,0.106809996
121,financialCurrency,USD
122,trailingPegRatio,1.9971
