,index,0
0,address1,929 Long Bridge Drive
1,city,Arlington
2,state,VA
3,zip,22202
4,country,United States
5,phone,703 465 3500
6,website,https://www.boeing.com
7,industry,Aerospace & Defense
8,industryKey,aerospace-defense
9,industryDisp,Aerospace & Defense
10,sector,Industrials
11,sectorKey,industrials
12,sectorDisp,Industrials
13,longBusinessSummary,"The Boeing Company, together with its subsidiaries, designs, develops, manufactures, sells, services, and supports commercial jetliners, military aircraft, satellites, missile defense, human space flight and launch systems, and services worldwide. The company operates through Commercial Airplanes; Defense, Space & Security; and Global Services segments. The Commercial Airplanes segment develops, produces, and markets commercial jet aircraft for passenger and cargo requirements, as well as provides fleet support services. The Defense, Space & Security segment engages in the research, development, production, and modification of manned and unmanned military aircraft and weapons systems; strategic defense and intelligence systems, which include strategic missile and defense systems, command, control, communications, computers, intelligence, surveillance and reconnaissance, cyber and information solutions, and intelligence systems; and satellite systems, such as government and commercial satellites, and space exploration. The Global Services segment offers products and services, including supply chain and logistics management, engineering, maintenance and modifications, upgrades and conversions, spare parts, pilot and maintenance training systems and services, technical and maintenance documents, and data analytics and digital services to commercial and defense customers. The Boeing Company was incorporated in 1916 and is based in Arlington, Virginia."
14,fullTimeEmployees,171000
15,companyOfficers,"[{'maxAge': 1, 'name': 'Mr. David L. Calhoun', 'age': 65, 'title': 'President, CEO & Director', 'yearBorn': 1958, 'fiscalYear': 2023, 'totalPay': 2538769, 'exercisedValue': 0, 'unexercisedValue': 0}, {'maxAge': 1, 'name': 'Mr. Brian J. West', 'age': 53, 'title': 'Executive VP of Finance & CFO', 'yearBorn': 1970, 'fiscalYear': 2023, 'totalPay': 2546638, 'exercisedValue': 0, 'unexercisedValue': 0}, {'maxAge': 1, 'name': 'Ms. Stephanie F. Pope', 'age': 50, 'title': 'Executive VP & COO', 'yearBorn': 1973, 'fiscalYear': 2023, 'totalPay': 3099753, 'exercisedValue': 0, 'unexercisedValue': 0}, {'maxAge': 1, 'name': 'Mr. Theodore  Colbert III', 'age': 49, 'title': 'Executive Vice President', 'yearBorn': 1974, 'fiscalYear': 2023, 'totalPay': 1940171, 'exercisedValue': 0, 'unexercisedValue': 0}, {'maxAge': 1, 'name': 'Mr. Andrew  Ward', 'age': 52, 'title': 'Chief Investment Officer', 'yearBorn': 1971, 'fiscalYear': 2023, 'exercisedValue': 0, 'unexercisedValue': 0}, {'maxAge': 1, 'name': 'Dr. Todd  Citron Ph.D.', 'title': 'Chief Technology Officer, VP and GM of Boeing Research & Technology', 'fiscalYear': 2023, 'exercisedValue': 0, 'unexercisedValue': 0}, {'maxAge': 1, 'name': 'Ms. Susan  Doniz BSc, ICD.D', 'age': 53, 'title': 'Chief Information & Data Analytics Officer', 'yearBorn': 1970, 'fiscalYear': 2023, 'exercisedValue': 0, 'unexercisedValue': 0}, {'maxAge': 1, 'name': 'Matt  Welch', 'title': 'Vice President of Investor Relations', 'fiscalYear': 2023, 'exercisedValue': 0, 'unexercisedValue': 0}, {'maxAge': 1, 'name': 'Mr. Brett C. Gerry', 'age': 51, 'title': 'Chief Legal Officer & Executive VP of Global Compliance', 'yearBorn': 1972, 'fiscalYear': 2023, 'totalPay': 2176548, 'exercisedValue': 0, 'unexercisedValue': 0}, {'maxAge': 1, 'name': 'Mr. Darrin A. Hostetler', 'title': 'Chief Compliance Officer & VP of Global Compliance', 'fiscalYear': 2023, 'exercisedValue': 0, 'unexercisedValue': 0}]"
16,auditRisk,8
17,boardRisk,3
18,compensationRisk,10
19,shareHolderRightsRisk,5
20,overallRisk,9
21,governanceEpochDate,1717200000
22,compensationAsOfEpochDate,1703980800
23,irWebsite,http://www.boeing.com/boeing/companyoffices/financial/index.page?
24,maxAge,86400
25,priceHint,2
26,previousClose,190.12
27,open,189.32
28,dayLow,182.75
29,dayHigh,189.32
30,regularMarketPreviousClose,190.12
31,regularMarketOpen,189.32
32,regularMarketDayLow,182.75
33,regularMarketDayHigh,189.32
34,exDividendDate,1581552000
35,fiveYearAvgDividendYield,2.48
36,beta,1.555
37,forwardPE,34.672897
38,volume,4998169
39,regularMarketVolume,4998169
40,averageVolume,7336775
41,averageVolume10days,5442060
42,averageDailyVolume10Day,5442060
43,bidSize,900
44,askSize,1200
45,marketCap,113875484672
46,fiftyTwoWeekLow,159.7
47,fiftyTwoWeekHigh,267.54
48,priceToSalesTrailing12Months,1.4896978
49,fiftyDayAverage,177.9954
50,twoHundredDayAverage,201.8797
51,currency,USD
52,enterpriseValue,154279526400
53,profitMargins,-0.02814
54,floatShares,580402978
55,sharesOutstanding,613884032
56,sharesShort,10810446
57,sharesShortPriorMonth,9696127
58,sharesShortPreviousMonthDate,1713139200
59,dateShortInterest,1715731200
60,sharesPercentSharesOut,0.0176
61,heldPercentInsiders,0.00074
62,heldPercentInstitutions,0.64288
63,shortRatio,1.48
64,shortPercentOfFloat,0.0176
65,impliedSharesOutstanding,613884032
66,bookValue,-27.73
67,lastFiscalYearEnd,1703980800
68,nextFiscalYearEnd,1735603200
69,mostRecentQuarter,1711843200
70,netIncomeToCommon,-2151000064
71,trailingEps,-3.54
72,forwardEps,4.96
73,pegRatio,-0.6
74,lastSplitFactor,2:1
75,lastSplitDate,865814400
76,enterpriseToRevenue,2.018
77,enterpriseToEbitda,57.675
78,52WeekChange,-0.12346703
79,SandP52WeekChange,0.22599876
80,lastDividendValue,2.055
81,lastDividendDate,1581552000
82,exchange,NYQ
83,quoteType,EQUITY
84,symbol,BA
85,underlyingSymbol,BA
86,shortName,Boeing Company (The)
87,longName,The Boeing Company
88,firstTradeDateEpochUtc,-252322200
89,timeZoneFullName,America/New_York
90,timeZoneShortName,EDT
91,uuid,5fc810cf-6260-3df8-8b79-23b9964c53e6
92,messageBoardId,finmb_370857
93,gmtOffSetMilliseconds,-14400000
94,currentPrice,185.5
95,targetHighPrice,275.0
96,targetLowPrice,140.0
97,targetMeanPrice,219.89
98,targetMedianPrice,225.5
99,recommendationMean,2.2
100,recommendationKey,buy
101,numberOfAnalystOpinions,26
102,totalCash,7528999936
103,totalCashPerShare,12.265
104,ebitda,2675000064
105,totalDebt,47940001792
106,quickRatio,0.217
107,currentRatio,1.142
108,totalRevenue,76442001408
109,revenuePerShare,125.629
110,returnOnAssets,0.0038299998
111,freeCashflow,3065250048
112,operatingCashflow,2916000000
113,revenueGrowth,-0.075
114,grossMargins,0.11485
115,ebitdaMargins,0.03499
116,operatingMargins,0.0041
117,financialCurrency,USD
118,trailingPegRatio,
