,index,0
0,address1,Bank of America Corporate Center
1,address2,100 North Tryon Street
2,city,Charlotte
3,state,NC
4,zip,28255
5,country,United States
6,phone,704 386 5681
7,website,https://www.bankofamerica.com
8,industry,Banks - Diversified
9,industryKey,banks-diversified
10,industryDisp,Banks - Diversified
11,sector,Financial Services
12,sectorKey,financial-services
13,sectorDisp,Financial Services
14,longBusinessSummary,"Bank of America Corporation, through its subsidiaries, provides banking and financial products and services for individual consumers, small and middle-market businesses, institutional investors, large corporations, and governments worldwide. It operates in four segments: Consumer Banking, Global Wealth & Investment Management (GWIM), Global Banking, and Global Markets. The Consumer Banking segment offers traditional and money market savings accounts, certificates of deposit and IRAs, non-interest and interest-bearing checking accounts, and investment accounts and products; credit and debit cards; residential mortgages, and home equity loans; and direct and indirect loans, such as automotive, recreational vehicle, and consumer personal loans. The GWIM segment provides investment management, brokerage, banking, and trust and retirement products and services; wealth management solutions; and customized solutions, including specialty asset management services. The Global Banking segment offers lending products and services, including commercial loans, leases, commitment facilities, trade finance, and commercial real estate and asset-based lending; treasury solutions, such as treasury management, foreign exchange, short-term investing options, and merchant services; working capital management solutions; debt and equity underwriting and distribution, and merger-related and other advisory services; and fixed-income and equity research, and certain market-based services. The Global Markets segment provides market-making, financing, securities clearing, settlement, and custody services; securities and derivative products; and risk management products using interest rate, equity, credit, currency and commodity derivatives, foreign exchange, fixed-income, and mortgage-related products. Bank of America Corporation was founded in 1784 and is based in Charlotte, North Carolina."
15,fullTimeEmployees,212000
16,companyOfficers,"[{'maxAge': 1, 'name': 'Mr. Brian Thomas Moynihan', 'age': 64, 'title': 'Chairman, CEO & President', 'yearBorn': 1959, 'fiscalYear': 2023, 'totalPay': 1887390, 'exercisedValue': 0, 'unexercisedValue': 0}, {'maxAge': 1, 'name': 'Mr. Alastair M. Borthwick', 'age': 54, 'title': 'Chief Financial Officer', 'yearBorn': 1969, 'fiscalYear': 2023, 'totalPay': 4353413, 'exercisedValue': 0, 'unexercisedValue': 0}, {'maxAge': 1, 'name': 'Mr. Matthew M. Koder', 'age': 51, 'title': 'President of Global Corporate & Investment Banking', 'yearBorn': 1972, 'fiscalYear': 2023, 'totalPay': 5973362, 'exercisedValue': 0, 'unexercisedValue': 0}, {'maxAge': 1, 'name': 'Mr. Dean C. Athanasia', 'age': 56, 'title': 'President of Regional Banking', 'yearBorn': 1967, 'fiscalYear': 2023, 'totalPay': 5102815, 'exercisedValue': 0, 'unexercisedValue': 0}, {'maxAge': 1, 'name': 'Mr. James P. DeMare', 'age': 53, 'title': 'President of Global Markets', 'yearBorn': 1970, 'fiscalYear': 2023, 'totalPay': 7046232, 'exercisedValue': 0, 'unexercisedValue': 0}, {'maxAge': 1, 'name': 'Mr. Thomas M. Scrivener', 'age': 51, 'title': 'Chief Operations Executive', 'yearBorn': 1972, 'fiscalYear': 2023, 'exercisedValue': 0, 'unexercisedValue': 0}, {'maxAge': 1, 'name': 'Mr. Christopher M. Hyzy', 'title': 'Chief Investment Officer', 'fiscalYear': 2023, 'exercisedValue': 0, 'unexercisedValue': 0}, {'maxAge': 1, 'name': 'Mr. Rudolf A. Bless', 'title': 'Chief Accounting Officer', 'fiscalYear': 2023, 'exercisedValue': 0, 'unexercisedValue': 0}, {'maxAge': 1, 'name': 'Mr. Aditya  Bhasin', 'age': 49, 'title': 'Chief Technology & Information Officer', 'yearBorn': 1974, 'fiscalYear': 2023, 'exercisedValue': 0, 'unexercisedValue': 0}, {'maxAge': 1, 'name': 'Mr. Darrin Steve Boland', 'age': 54, 'title': 'Chief Administrative Officer', 'yearBorn': 1969, 'fiscalYear': 2023, 'exercisedValue': 0, 'unexercisedValue': 0}]"
17,auditRisk,4
18,boardRisk,5
19,compensationRisk,6
20,shareHolderRightsRisk,1
21,overallRisk,2
22,governanceEpochDate,1717200000
23,compensationAsOfEpochDate,1703980800
24,irWebsite,http://investor.bankofamerica.com/phoenix.zhtml?c=71595&p=irol-sec
25,maxAge,86400
26,priceHint,2
27,previousClose,39.67
28,open,39.33
29,dayLow,38.46
30,dayHigh,39.35
31,regularMarketPreviousClose,39.67
32,regularMarketOpen,39.33
33,regularMarketDayLow,38.46
34,regularMarketDayHigh,39.35
35,dividendRate,0.96
36,dividendYield,0.0242
37,exDividendDate,1717718400
38,payoutRatio,0.3241
39,fiveYearAvgDividendYield,2.42
40,beta,1.364
41,trailingPE,13.4
42,forwardPE,10.854749
43,volume,44344843
44,regularMarketVolume,44344843
45,averageVolume,37426167
46,averageVolume10days,36189330
47,averageDailyVolume10Day,36189330
48,bidSize,3000
49,askSize,2900
50,marketCap,303899574272
51,fiftyTwoWeekLow,24.96
52,fiftyTwoWeekHigh,40.19
53,priceToSalesTrailing12Months,3.2551718
54,fiftyDayAverage,38.0246
55,twoHundredDayAverage,32.8388
56,trailingAnnualDividendRate,0.94
57,trailingAnnualDividendYield,0.02369549
58,currency,USD
59,enterpriseValue,228600594432
60,profitMargins,0.26808
61,floatShares,7793155416
62,sharesOutstanding,7820369920
63,sharesShort,69567231
64,sharesShortPriorMonth,64802751
65,sharesShortPreviousMonthDate,1713139200
66,dateShortInterest,1715731200
67,sharesPercentSharesOut,0.0089
68,heldPercentInsiders,0.13293
69,heldPercentInstitutions,0.60069
70,shortRatio,1.83
71,shortPercentOfFloat,0.010299999
72,impliedSharesOutstanding,7820369920
73,bookValue,33.705
74,priceToBook,1.1529446
75,lastFiscalYearEnd,1703980800
76,nextFiscalYearEnd,1735603200
77,mostRecentQuarter,1711843200
78,earningsQuarterlyGrowth,-0.182
79,netIncomeToCommon,23352000512
80,trailingEps,2.9
81,forwardEps,3.32
82,pegRatio,1.4
83,lastSplitFactor,2:1
84,lastSplitDate,1093824000
85,enterpriseToRevenue,2.449
86,52WeekChange,0.36229396
87,SandP52WeekChange,0.22599876
88,lastDividendValue,0.24
89,lastDividendDate,1717718400
90,exchange,NYQ
91,quoteType,EQUITY
92,symbol,BAC
93,underlyingSymbol,BAC
94,shortName,Bank of America Corporation
95,longName,Bank of America Corporation
96,firstTradeDateEpochUtc,99153000
97,timeZoneFullName,America/New_York
98,timeZoneShortName,EDT
99,uuid,bcf30d7f-4abd-3593-b752-cacd38ff491c
100,messageBoardId,finmb_19049
101,gmtOffSetMilliseconds,-14400000
102,currentPrice,38.86
103,targetHighPrice,46.0
104,targetLowPrice,34.9
105,targetMeanPrice,40.1
106,targetMedianPrice,39.48
107,recommendationMean,2.4
108,recommendationKey,buy
109,numberOfAnalystOpinions,24
110,totalCash,830731976704
111,totalCashPerShare,106.227
112,totalDebt,727036002304
113,totalRevenue,93358997504
114,revenuePerShare,11.664
115,returnOnAssets,0.00774
116,returnOnEquity,0.08724
117,operatingCashflow,40742998016
118,earningsGrowth,-0.194
119,revenueGrowth,-0.033
120,operatingMargins,0.29642
121,financialCurrency,USD
122,trailingPegRatio,4.0662
