,index,0
0,address1,50 Hudson Yards
1,city,New York
2,state,NY
3,zip,10001
4,country,United States
5,phone,212 810 5300
6,website,https://www.blackrock.com
7,industry,Asset Management
8,industryKey,asset-management
9,industryDisp,Asset Management
10,sector,Financial Services
11,sectorKey,financial-services
12,sectorDisp,Financial Services
13,longBusinessSummary,"BlackRock, Inc. is a publicly owned investment manager. The firm primarily provides its services to institutional, intermediary, and individual investors including corporate, public, union, and industry pension plans, insurance companies, third-party mutual funds, endowments, public institutions, governments, foundations, charities, sovereign wealth funds, corporations, official institutions, and banks. It also provides global risk management and advisory services. The firm manages separate client-focused equity, fixed income, and balanced portfolios. It also launches and manages open-end and closed-end mutual funds, offshore funds, unit trusts, and alternative investment vehicles including structured funds. The firm launches equity, fixed income, balanced, and real estate mutual funds. It also launches equity, fixed income, balanced, currency, commodity, and multi-asset exchange traded funds. The firm also launches and manages hedge funds. It invests in the public equity, fixed income, real estate, currency, commodity, and alternative markets across the globe. The firm primarily invests in growth and value stocks of small-cap, mid-cap, SMID-cap, large-cap, and multi-cap companies. It also invests in dividend-paying equity securities. The firm invests in investment grade municipal securities, government securities including securities issued or guaranteed by a government or a government agency or instrumentality, corporate bonds, and asset-backed and mortgage-backed securities. It employs fundamental and quantitative analysis with a focus on bottom-up and top-down approach to make its investments. The firm employs liquidity, asset allocation, balanced, real estate, and alternative strategies to make its investments. In real estate sector, it seeks to invest in Poland and Germany. The firm benchmarks the performance of its portfolios against various S&P, Russell, Barclays, MSCI, Citigroup, and Merrill Lynch indices. BlackRock, Inc. was founded in 1988 and is based in New York City with additional offices in Boston, Massachusetts; London, United Kingdom; Gurgaon, India; Hong Kong; Greenwich, Connecticut; Princeton, New Jersey; Edinburgh, United Kingdom; Sydney, Australia; Taipei, Taiwan; Singapore; Sao Paulo, Brazil; Philadelphia, Pennsylvania; Washington, District of Columbia; Toronto, Canada; Wilmington, Delaware; and San Francisco, California."
14,fullTimeEmployees,19300
15,companyOfficers,"[{'maxAge': 1, 'name': 'Mr. Laurence Douglas Fink', 'age': 71, 'title': 'Chairman & CEO', 'yearBorn': 1952, 'fiscalYear': 2023, 'totalPay': 10489500, 'exercisedValue': 0, 'unexercisedValue': 0}, {'maxAge': 1, 'name': 'Mr. Robert Steven Kapito', 'age': 67, 'title': 'President & Director', 'yearBorn': 1956, 'fiscalYear': 2023, 'totalPay': 7348399, 'exercisedValue': 0, 'unexercisedValue': 0}, {'maxAge': 1, 'name': 'Mr. Martin S. Small', 'title': 'Senior MD, CFO & Global Head of Corporate Strategy', 'fiscalYear': 2023, 'totalPay': 2689150, 'exercisedValue': 0, 'unexercisedValue': 5378051}, {'maxAge': 1, 'name': 'Mr. Robert Lawrence Goldstein', 'age': 49, 'title': 'Senior MD & COO', 'yearBorn': 1974, 'fiscalYear': 2023, 'totalPay': 3885435, 'exercisedValue': 0, 'unexercisedValue': 21513098}, {'maxAge': 1, 'name': 'Mr. Gary Stephen Shedlin', 'age': 60, 'title': 'Vice Chairman', 'yearBorn': 1963, 'fiscalYear': 2023, 'totalPay': 2069150, 'exercisedValue': 0, 'unexercisedValue': 16134749}, {'maxAge': 1, 'name': 'Mr. Mark Kenneth Wiedman', 'age': 52, 'title': 'Senior MD & Head of Global Client Business', 'yearBorn': 1971, 'fiscalYear': 2023, 'totalPay': 3439150, 'exercisedValue': 0, 'unexercisedValue': 21513098}, {'maxAge': 1, 'name': 'Dr. Bennett W. Golub Ph.D.', 'age': 65, 'title': 'Co-Founder', 'yearBorn': 1958, 'fiscalYear': 2023, 'exercisedValue': 0, 'unexercisedValue': 0}, {'maxAge': 1, 'name': 'Mr. Mark  McKenna', 'title': 'Founder, MD, Global Head of Event Driven Equity Strategies & Portfolio Manager', 'fiscalYear': 2023, 'exercisedValue': 0, 'unexercisedValue': 0}, {'maxAge': 1, 'name': 'Dr. Jeff  Shen Ph.D.', 'title': 'MD, Co-CIO & Co-Head of Systematic Active Equity (SAE)', 'fiscalYear': 2023, 'exercisedValue': 0, 'unexercisedValue': 0}, {'maxAge': 1, 'name': 'Mr. Neeraj  Seth', 'title': 'MD, Chief Investment Officer & Head of Asian credit \x96 Singapore', 'fiscalYear': 2023, 'exercisedValue': 0, 'unexercisedValue': 0}]"
16,auditRisk,7
17,boardRisk,8
18,compensationRisk,10
19,shareHolderRightsRisk,1
20,overallRisk,9
21,governanceEpochDate,1717200000
22,compensationAsOfEpochDate,1703980800
23,irWebsite,http://www2.blackrock.com/global/home/InvestorRelations/index.htm
24,maxAge,86400
25,priceHint,2
26,previousClose,766.17
27,open,762.01
28,dayLow,752.295
29,dayHigh,763.365
30,regularMarketPreviousClose,766.17
31,regularMarketOpen,762.01
32,regularMarketDayLow,752.295
33,regularMarketDayHigh,763.365
34,dividendRate,20.4
35,dividendYield,0.026600001
36,exDividendDate,1717718400
37,payoutRatio,0.5108
38,fiveYearAvgDividendYield,2.5
39,beta,1.349
40,trailingPE,19.238953
41,forwardPE,16.20599
42,volume,498078
43,regularMarketVolume,498078
44,averageVolume,628529
45,averageVolume10days,671760
46,averageDailyVolume10Day,671760
47,bidSize,900
48,askSize,1400
49,marketCap,112583819264
50,fiftyTwoWeekLow,596.18
51,fiftyTwoWeekHigh,845.0
52,priceToSalesTrailing12Months,6.137365
53,fiftyDayAverage,780.0368
54,twoHundredDayAverage,748.55743
55,trailingAnnualDividendRate,20.1
56,trailingAnnualDividendYield,0.026234388
57,currency,USD
58,enterpriseValue,117899845632
59,profitMargins,0.32261002
60,floatShares,139132676
61,sharesOutstanding,148600000
62,sharesShort,1697481
63,sharesShortPriorMonth,1691027
64,sharesShortPreviousMonthDate,1713139200
65,dateShortInterest,1715731200
66,sharesPercentSharesOut,0.0114
67,heldPercentInsiders,0.00942
68,heldPercentInstitutions,0.88331
69,shortRatio,2.81
70,shortPercentOfFloat,0.0115
71,impliedSharesOutstanding,148600000
72,bookValue,267.042
73,priceToBook,2.8371193
74,lastFiscalYearEnd,1703980800
75,nextFiscalYearEnd,1735603200
76,mostRecentQuarter,1711843200
77,earningsQuarterlyGrowth,0.36
78,netIncomeToCommon,5918000128
79,trailingEps,39.38
80,forwardEps,46.75
81,pegRatio,1.47
82,enterpriseToRevenue,6.427
83,enterpriseToEbitda,16.712
84,52WeekChange,0.1064626
85,SandP52WeekChange,0.22599876
86,lastDividendValue,5.1
87,lastDividendDate,1717718400
88,exchange,NYQ
89,quoteType,EQUITY
90,symbol,BLK
91,underlyingSymbol,BLK
92,shortName,"BlackRock, Inc."
93,longName,"BlackRock, Inc."
94,firstTradeDateEpochUtc,938784600
95,timeZoneFullName,America/New_York
96,timeZoneShortName,EDT
97,uuid,386ad08c-9fb4-35ee-a9b0-7905b98af57b
98,messageBoardId,finmb_403413
99,gmtOffSetMilliseconds,-14400000
100,currentPrice,757.63
101,targetHighPrice,1070.0
102,targetLowPrice,842.0
103,targetMeanPrice,930.54
104,targetMedianPrice,915.0
105,recommendationMean,1.9
106,recommendationKey,buy
107,numberOfAnalystOpinions,13
108,totalCash,9605000192
109,totalCashPerShare,64.637
110,ebitda,7055000064
111,totalDebt,11632000000
112,quickRatio,2.082
113,currentRatio,2.752
114,totalRevenue,18343999488
115,debtToEquity,27.864
116,revenuePerShare,123.095
117,returnOnAssets,0.03374
118,returnOnEquity,0.15170999
119,freeCashflow,4487249920
120,operatingCashflow,4151000064
121,earningsGrowth,0.372
122,revenueGrowth,0.114
123,grossMargins,0.48997003
124,ebitdaMargins,0.38459
125,operatingMargins,0.36421
126,financialCurrency,USD
127,trailingPegRatio,2.7635
