,index,0
0,address1,Route 206 & Province Line Road
1,city,Princeton
2,state,NJ
3,zip,08543
4,country,United States
5,phone,609 252 4621
6,website,https://www.bms.com
7,industry,Drug Manufacturers - General
8,industryKey,drug-manufacturers-general
9,industryDisp,Drug Manufacturers - General
10,sector,Healthcare
11,sectorKey,healthcare
12,sectorDisp,Healthcare
13,longBusinessSummary,"Bristol-Myers Squibb Company discovers, develops, licenses, manufactures, markets, distributes, and sells biopharmaceutical products worldwide. It offers products for hematology, oncology, cardiovascular, immunology, fibrotic, and neuroscience diseases. The company's products include Eliquis for reduction in risk of stroke/systemic embolism in non-valvular atrial fibrillation, and for the treatment of DVT/PE; Opdivo for various anti-cancer indications, including bladder, blood, CRC, head and neck, RCC, HCC, lung, melanoma, MPM, stomach and esophageal cancer; Pomalyst/Imnovid for multiple myeloma; Orencia for active rheumatoid arthritis and psoriatic arthritis; and Sprycel for the treatment of Philadelphia chromosome-positive chronic myeloid leukemia. It also provides Yervoy for the treatment of patients with unresectable or metastatic melanoma; Empliciti for the treatment of multiple myeloma; Abecma for the treatment of relapsed or refractory multiple myeloma; Reblozyl for the treatment of anemia; Opdualag for the treatment of unresectable or metastatic melanoma; and Zeposia to treat relapsing forms of multiple sclerosis. In addition, the company offers Breyanzi for the treatment of relapsed or refractory large B-cell lymphoma; Onureg for the treatment of AML; Inrebic for the treatment of myelofibrosis; Camzyos for the treatment of symptomatic obstructive HCM to enhance functional capacity and symptom; Sotyktu for the treatment of moderate-to-severe plaque psoriasis; Augtyro for the treatment of locally advanced or metastatic ROS1-positive NSCLC; Revlimid, an oral immunomodulatory drug for the treatment of multiple myeloma; and Abraxane to treat breast cancer, NSCLC and pancreatic cancer. It sells products to wholesalers, distributors, pharmacies, retailers, hospitals, clinics, and government agencies. The company was formerly known as Bristol-Myers Company. Bristol-Myers Squibb Company was founded in 1887 and is headquartered in Princeton, New Jersey."
14,fullTimeEmployees,34100
15,companyOfficers,"[{'maxAge': 1, 'name': 'Dr. Christopher S. Boerner Ph.D.', 'age': 52, 'title': 'CEO & Chairman', 'yearBorn': 1971, 'fiscalYear': 2023, 'totalPay': 3135655, 'exercisedValue': 0, 'unexercisedValue': 0}, {'maxAge': 1, 'name': 'Mr. David V. Elkins', 'age': 55, 'title': 'Executive VP & CFO', 'yearBorn': 1968, 'fiscalYear': 2023, 'totalPay': 2284157, 'exercisedValue': 0, 'unexercisedValue': 0}, {'maxAge': 1, 'name': 'Ms. Sandra  Leung Esq.', 'age': 62, 'title': 'Executive VP & General Counsel', 'yearBorn': 1961, 'fiscalYear': 2023, 'totalPay': 2578313, 'exercisedValue': 0, 'unexercisedValue': 0}, {'maxAge': 1, 'name': 'Mr. Samit  Hirawat M.D.', 'age': 54, 'title': 'Executive VP, Chief Medical Officer & Head of Development', 'yearBorn': 1969, 'fiscalYear': 2023, 'totalPay': 2617233, 'exercisedValue': 0, 'unexercisedValue': 0}, {'maxAge': 1, 'name': 'Mr. Greg  Meyers', 'age': 50, 'title': 'Executive VP and Chief Digital & Technology Officer', 'yearBorn': 1973, 'fiscalYear': 2023, 'exercisedValue': 0, 'unexercisedValue': 0}, {'maxAge': 1, 'name': 'Mr. Timothy  Power', 'title': 'VP & Head of Investor Relations', 'fiscalYear': 2023, 'exercisedValue': 0, 'unexercisedValue': 0}, {'maxAge': 1, 'name': 'Ms. Kimberly M. Jablonski', 'title': 'Chief Compliance & Ethics Officer', 'fiscalYear': 2023, 'exercisedValue': 0, 'unexercisedValue': 0}, {'maxAge': 1, 'name': 'Ms. Ahn Amanda Poole', 'age': 48, 'title': 'Executive Vice President & Chief Human Resources Officer', 'yearBorn': 1975, 'fiscalYear': 2023, 'exercisedValue': 0, 'unexercisedValue': 0}, {'maxAge': 1, 'name': 'Dr. Joseph J. Eiden Jr.', 'age': 74, 'title': 'Head of Medical Affairs', 'yearBorn': 1949, 'fiscalYear': 2023, 'exercisedValue': 0, 'unexercisedValue': 0}, {'maxAge': 1, 'name': 'Mr. Adam  Lenkowsky', 'age': 51, 'title': 'Executive VP, Chief Commercialization Officer & Head of U.S. Oncology', 'yearBorn': 1972, 'fiscalYear': 2023, 'exercisedValue': 0, 'unexercisedValue': 0}]"
16,auditRisk,9
17,boardRisk,7
18,compensationRisk,1
19,shareHolderRightsRisk,2
20,overallRisk,4
21,governanceEpochDate,1717200000
22,compensationAsOfEpochDate,1703980800
23,irWebsite,http://www.bms.com/investors/Pages/home.aspx
24,maxAge,86400
25,priceHint,2
26,previousClose,42.57
27,open,42.53
28,dayLow,41.88
29,dayHigh,43.05
30,regularMarketPreviousClose,42.57
31,regularMarketOpen,42.53
32,regularMarketDayLow,41.88
33,regularMarketDayHigh,43.05
34,dividendRate,2.4
35,dividendYield,0.056399997
36,exDividendDate,1712188800
37,payoutRatio,0.5984
38,fiveYearAvgDividendYield,3.28
39,beta,0.43
40,forwardPE,6.2077923
41,volume,12626967
42,regularMarketVolume,12626967
43,averageVolume,15721380
44,averageVolume10days,15239730
45,averageDailyVolume10Day,15239730
46,bidSize,1400
47,askSize,1000
48,marketCap,87205847040
49,fiftyTwoWeekLow,39.91
50,fiftyTwoWeekHigh,66.38
51,priceToSalesTrailing12Months,1.9151809
52,fiftyDayAverage,45.523
53,twoHundredDayAverage,51.2526
54,trailingAnnualDividendRate,2.34
55,trailingAnnualDividendYield,0.054968286
56,currency,USD
57,enterpriseValue,135050846208
58,profitMargins,-0.13502
59,floatShares,2023147251
60,sharesOutstanding,2027100032
61,sharesShort,28265554
62,sharesShortPriorMonth,34364180
63,sharesShortPreviousMonthDate,1713139200
64,dateShortInterest,1715731200
65,sharesPercentSharesOut,0.0139
66,heldPercentInsiders,0.00105
67,heldPercentInstitutions,0.79253
68,shortRatio,2.0
69,shortPercentOfFloat,0.0139999995
70,impliedSharesOutstanding,2027100032
71,bookValue,8.135
72,priceToBook,5.2882605
73,lastFiscalYearEnd,1703980800
74,nextFiscalYearEnd,1735603200
75,mostRecentQuarter,1711843200
76,netIncomeToCommon,-6147999744
77,trailingEps,-3.1
78,forwardEps,6.43
79,pegRatio,-16.78
80,lastSplitFactor,1000000:951777
81,lastSplitDate,997142400
82,enterpriseToRevenue,2.966
83,enterpriseToEbitda,7.432
84,52WeekChange,-0.3365025
85,SandP52WeekChange,0.22599876
86,lastDividendValue,0.6
87,lastDividendDate,1712188800
88,exchange,NYQ
89,quoteType,EQUITY
90,symbol,BMY
91,underlyingSymbol,BMY
92,shortName,Bristol-Myers Squibb Company
93,longName,Bristol-Myers Squibb Company
94,firstTradeDateEpochUtc,76253400
95,timeZoneFullName,America/New_York
96,timeZoneShortName,EDT
97,uuid,124a4488-9ef3-3d5f-ba4c-95716202653d
98,messageBoardId,finmb_25798
99,gmtOffSetMilliseconds,-14400000
100,currentPrice,43.02
101,targetHighPrice,75.0
102,targetLowPrice,37.0
103,targetMeanPrice,52.25
104,targetMedianPrice,53.0
105,recommendationMean,2.7
106,recommendationKey,hold
107,numberOfAnalystOpinions,21
108,totalCash,9669999616
109,totalCashPerShare,4.77
110,ebitda,18172000256
111,totalDebt,57457000448
112,quickRatio,0.919
113,currentRatio,1.11
114,totalRevenue,45533999104
115,debtToEquity,347.214
116,revenuePerShare,22.212
117,returnOnAssets,0.05389
118,returnOnEquity,-0.25333
119,freeCashflow,16369750016
120,operatingCashflow,13724000256
121,revenueGrowth,0.047
122,grossMargins,0.76027
123,ebitdaMargins,0.39909
124,operatingMargins,0.1925
125,financialCurrency,USD
126,trailingPegRatio,32.7462
