,index,0
0,address1,388 Greenwich Street
1,city,New York
2,state,NY
3,zip,10013
4,country,United States
5,phone,212 559 1000
6,website,https://www.citigroup.com
7,industry,Banks - Diversified
8,industryKey,banks-diversified
9,industryDisp,Banks - Diversified
10,sector,Financial Services
11,sectorKey,financial-services
12,sectorDisp,Financial Services
13,longBusinessSummary,"Citigroup Inc., a diversified financial service holding company, provides various financial product and services to consumers, corporations, governments, and institutions worldwide. It operates through five segments: Services, Markets, Banking, U.S. Personal Banking, and Wealth. The Services segment includes Treasury and Trade Solutions, which provides cash management, trade, and working capital solutions to multinational corporations, financial institutions, and public sector organizations; and Securities Services, such as cross-border support for clients, local market expertise, post-trade technologies, data solutions, and various securities services solutions. The Markets segment offers sales and trading services for equities, foreign exchange, rates, spread products, and commodities to corporate, institutional, and public sector clients; and market-making services, including asset classes, risk management solutions, financing, prime brokerage, research, securities clearing, and settlement. The banking segment includes investment banking; advisory services related to mergers and acquisitions, divestitures, restructurings, and corporate defense activities; and corporate lending, which includes corporate and commercial banking. The U.S. Personal Banking segment provides co-branded cards and retail banking services. The Wealth segment provides financial services to high-net-worth clients through banking, lending, mortgages, investment, custody, and trust product offerings; and to professional industries, including law firms, consulting groups, accounting, and asset management. The company was founded in 1812 and is headquartered in New York, New York."
14,fullTimeEmployees,237000
15,companyOfficers,"[{'maxAge': 1, 'name': 'Ms. Jane Nind Fraser', 'age': 55, 'title': 'CEO & Director', 'yearBorn': 1968, 'fiscalYear': 2023, 'totalPay': 6757300, 'exercisedValue': 0, 'unexercisedValue': 0}, {'maxAge': 1, 'name': 'Mr. Mark A.L. Mason', 'age': 53, 'title': 'Chief Financial Officer', 'yearBorn': 1970, 'fiscalYear': 2023, 'totalPay': 6951178, 'exercisedValue': 0, 'unexercisedValue': 0}, {'maxAge': 1, 'name': 'Mr. Anand  Selvakesari', 'age': 55, 'title': 'Chief Operating Officer', 'yearBorn': 1968, 'fiscalYear': 2023, 'totalPay': 8183176, 'exercisedValue': 0, 'unexercisedValue': 0}, {'maxAge': 1, 'name': 'Mr. Andrew J. Morton', 'age': 61, 'title': 'Head of Markets', 'yearBorn': 1962, 'fiscalYear': 2023, 'totalPay': 12978580, 'exercisedValue': 0, 'unexercisedValue': 0}, {'maxAge': 1, 'name': 'Mr. Andrew Mason Sieg', 'age': 55, 'title': 'Head of Wealth', 'yearBorn': 1968, 'fiscalYear': 2023, 'totalPay': 5406849, 'exercisedValue': 0, 'unexercisedValue': 0}, {'maxAge': 1, 'name': 'Mr. David R. Bailin', 'title': 'Chief Investment Officer & Global Head of Investments', 'fiscalYear': 2023, 'exercisedValue': 0, 'unexercisedValue': 0}, {'maxAge': 1, 'name': 'Mr. Johnbull E. Okpara', 'age': 51, 'title': 'Chief Accounting Officer & Controller', 'yearBorn': 1972, 'fiscalYear': 2023, 'exercisedValue': 0, 'unexercisedValue': 0}, {'maxAge': 1, 'name': 'Ms. Jennifer  Landis', 'title': 'Head of Investor Relations', 'fiscalYear': 2023, 'exercisedValue': 0, 'unexercisedValue': 0}, {'maxAge': 1, 'name': 'Mr. Brent J. McIntosh', 'age': 49, 'title': 'Chief Legal Officer & Corporate Secretary', 'yearBorn': 1974, 'fiscalYear': 2023, 'exercisedValue': 0, 'unexercisedValue': 0}, {'maxAge': 1, 'name': 'Mr. Edward  Skyler', 'age': 49, 'title': 'Head of Enterprise Services & Public Affairs', 'yearBorn': 1974, 'fiscalYear': 2023, 'exercisedValue': 0, 'unexercisedValue': 0}]"
16,auditRisk,5
17,boardRisk,2
18,compensationRisk,4
19,shareHolderRightsRisk,1
20,overallRisk,1
21,governanceEpochDate,1717200000
22,compensationAsOfEpochDate,1703980800
23,irWebsite,http://www.citigroup.com/citi/investor/overview.html
24,maxAge,86400
25,priceHint,2
26,previousClose,61.43
27,open,60.77
28,dayLow,58.9
29,dayHigh,60.79
30,regularMarketPreviousClose,61.43
31,regularMarketOpen,60.77
32,regularMarketDayLow,58.9
33,regularMarketDayHigh,60.79
34,dividendRate,2.12
35,dividendYield,0.0345
36,exDividendDate,1714694400
37,payoutRatio,0.6122
38,fiveYearAvgDividendYield,3.7
39,beta,1.467
40,trailingPE,17.241982
41,forwardPE,8.202497
42,volume,16066509
43,regularMarketVolume,16066509
44,averageVolume,13411209
45,averageVolume10days,9973280
46,averageDailyVolume10Day,9973280
47,bidSize,800
48,askSize,800
49,marketCap,112806002688
50,fiftyTwoWeekLow,38.17
51,fiftyTwoWeekHigh,64.98
52,priceToSalesTrailing12Months,1.6197287
53,fiftyDayAverage,61.899
54,twoHundredDayAverage,51.78445
55,trailingAnnualDividendRate,2.1
56,trailingAnnualDividendYield,0.03418525
57,currency,USD
58,enterpriseValue,-231815020544
59,profitMargins,0.11477
60,floatShares,1846191727
61,sharesOutstanding,1907399936
62,sharesShort,28421884
63,sharesShortPriorMonth,25959581
64,sharesShortPreviousMonthDate,1713139200
65,dateShortInterest,1715731200
66,sharesPercentSharesOut,0.0149
67,heldPercentInsiders,0.030739998
68,heldPercentInstitutions,0.71629995
69,shortRatio,2.23
70,shortPercentOfFloat,0.0149
71,impliedSharesOutstanding,1907440000
72,bookValue,99.078
73,priceToBook,0.59690344
74,lastFiscalYearEnd,1703980800
75,nextFiscalYearEnd,1735603200
76,mostRecentQuarter,1711843200
77,earningsQuarterlyGrowth,-0.268
78,netIncomeToCommon,6602999808
79,trailingEps,3.43
80,forwardEps,6.69
81,pegRatio,1.07
82,lastSplitFactor,1:10
83,lastSplitDate,1304899200
84,enterpriseToRevenue,-3.329
85,52WeekChange,0.2734245
86,SandP52WeekChange,0.22599876
87,lastDividendValue,0.53
88,lastDividendDate,1714694400
89,exchange,NYQ
90,quoteType,EQUITY
91,symbol,C
92,underlyingSymbol,C
93,shortName,"Citigroup, Inc."
94,longName,Citigroup Inc.
95,firstTradeDateEpochUtc,221149800
96,timeZoneFullName,America/New_York
97,timeZoneShortName,EDT
98,uuid,0d61f837-0cad-3d41-af80-b84d143e1257
99,messageBoardId,finmb_391687
100,gmtOffSetMilliseconds,-14400000
101,currentPrice,59.14
102,targetHighPrice,86.0
103,targetLowPrice,50.5
104,targetMeanPrice,66.98
105,targetMedianPrice,65.5
106,recommendationMean,2.2
107,recommendationKey,buy
108,numberOfAnalystOpinions,22
109,totalCash,1029324013568
110,totalCashPerShare,539.636
111,totalDebt,666290028544
112,totalRevenue,69645000704
113,revenuePerShare,36.239
114,returnOnAssets,0.00333
115,returnOnEquity,0.03909
116,operatingCashflow,-53761998848
117,earningsGrowth,-0.281
118,revenueGrowth,-0.053
119,operatingMargins,0.26900998
120,financialCurrency,USD
121,trailingPegRatio,0.9784
