,index,0
0,address1,5205 North O'Connor Boulevard
1,address2,Suite 100
2,city,Irving
3,state,TX
4,zip,75039
5,country,United States
6,phone,972 891 7700
7,website,https://www.caterpillar.com
8,industry,Farm & Heavy Construction Machinery
9,industryKey,farm-heavy-construction-machinery
10,industryDisp,Farm & Heavy Construction Machinery
11,sector,Industrials
12,sectorKey,industrials
13,sectorDisp,Industrials
14,longBusinessSummary,"Caterpillar Inc. manufactures and sells construction and mining equipment, off-highway diesel and natural gas engines, industrial gas turbines, and diesel-electric locomotives in worldwide. Its Construction Industries segment offers asphalt pavers, compactors, road reclaimers, forestry machines, cold planers, material handlers, track-type tractors, excavators, telehandlers, motor graders, and pipelayers; compact track, wheel, track-type, backhoe, and skid steer loaders; and related parts and tools. The company's Resource Industries segment provides electric rope and hydraulic shovels, draglines, rotary drills, hard rock vehicles, tractors, mining trucks, wheel loaders, off-highway and articulated trucks, wheel tractor scrapers and dozers, fleet management products, landfill and soil compactors, machinery components, autonomous ready vehicles and solutions, work tools, and safety services and mining performance solutions, as well as related parts and services. Its Energy & Transportation segment offers reciprocating engine powered generator sets; reciprocating engines, drivetrain, and integrated systems and solutions; turbines, centrifugal gas compressors, and related services; and diesel-electric locomotives and components, and other rail-related products. The company's Financial Products segment provides operating and finance leases, installment sale contracts, revolving charge accounts, repair/rebuild financing services, working capital loans, and wholesale financing; and insurance and risk management products and services. Its All Other Operating segment offers filters and fluids, undercarriage, ground engaging tools, fluid transfer products, precision seals, and rubber sealing and connecting components; parts distribution; logistics solutions and distribution services; brand management and marketing strategy services; and digital investments services. Caterpillar Inc. was founded in 1925 and is headquartered in Irving, Texas."
15,fullTimeEmployees,113200
16,companyOfficers,"[{'maxAge': 1, 'name': 'Mr. D. James Umpleby III', 'age': 65, 'title': 'Chairman of the Board & CEO', 'yearBorn': 1958, 'fiscalYear': 2023, 'totalPay': 8830349, 'exercisedValue': 61129616, 'unexercisedValue': 12172750}, {'maxAge': 1, 'name': 'Mr. Andrew R. J. Bonfield', 'age': 61, 'title': 'Chief Financial Officer', 'yearBorn': 1962, 'fiscalYear': 2023, 'totalPay': 3059923, 'exercisedValue': 6296274, 'unexercisedValue': 0}, {'maxAge': 1, 'name': 'Mr. Joseph E. Creed', 'age': 47, 'title': 'Chief Operating Officer', 'yearBorn': 1976, 'fiscalYear': 2023, 'totalPay': 2844538, 'exercisedValue': 3003865, 'unexercisedValue': 3427800}, {'maxAge': 1, 'name': 'Ms. Denise C. Johnson', 'age': 57, 'title': 'Group President of Resource Industries', 'yearBorn': 1966, 'fiscalYear': 2023, 'totalPay': 3098607, 'exercisedValue': 6353952, 'unexercisedValue': 3472739}, {'maxAge': 1, 'name': 'Mr. William E. Schaupp', 'age': 51, 'title': 'VP & Chief Accounting Officer', 'yearBorn': 1972, 'fiscalYear': 2023, 'exercisedValue': 0, 'unexercisedValue': 0}, {'maxAge': 1, 'name': 'Mr. Otto  Breitschwerdt', 'title': 'CTO & Senior VP', 'fiscalYear': 2023, 'exercisedValue': 0, 'unexercisedValue': 0}, {'maxAge': 1, 'name': 'Ms. Jamie L. Engstrom', 'title': 'Senior VP & Chief Information Officer', 'fiscalYear': 2023, 'exercisedValue': 0, 'unexercisedValue': 0}, {'maxAge': 1, 'name': 'Courtney W. Dean', 'title': 'Chief Compliance Officer', 'fiscalYear': 2023, 'exercisedValue': 0, 'unexercisedValue': 0}, {'maxAge': 1, 'name': 'Mr. Derek R. Owens', 'age': 49, 'title': 'Chief Legal Officer & General Counsel', 'yearBorn': 1974, 'fiscalYear': 2023, 'exercisedValue': 0, 'unexercisedValue': 0}, {'maxAge': 1, 'name': 'Ms. Cheryl H. Johnson', 'age': 62, 'title': 'Chief Human Resources Officer', 'yearBorn': 1961, 'fiscalYear': 2023, 'exercisedValue': 0, 'unexercisedValue': 0}]"
17,auditRisk,9
18,boardRisk,4
19,compensationRisk,5
20,shareHolderRightsRisk,5
21,overallRisk,6
22,governanceEpochDate,1717200000
23,compensationAsOfEpochDate,1703980800
24,irWebsite,http://www.caterpillar.com/investors
25,maxAge,86400
26,priceHint,2
27,previousClose,329.61
28,open,327.76
29,dayLow,323.725
30,dayHigh,328.64
31,regularMarketPreviousClose,329.61
32,regularMarketOpen,327.76
33,regularMarketDayLow,323.725
34,regularMarketDayHigh,328.64
35,dividendRate,5.2
36,dividendYield,0.015800001
37,exDividendDate,1713484800
38,payoutRatio,0.2305
39,fiveYearAvgDividendYield,2.28
40,beta,1.133
41,trailingPE,14.797015
42,forwardPE,14.355702
43,volume,3244664
44,regularMarketVolume,3244664
45,averageVolume,2604480
46,averageVolume10days,3416330
47,averageDailyVolume10Day,3416330
48,bidSize,800
49,askSize,1000
50,marketCap,160071925760
51,fiftyTwoWeekLow,223.76
52,fiftyTwoWeekHigh,382.01
53,priceToSalesTrailing12Months,2.3892403
54,fiftyDayAverage,351.8316
55,twoHundredDayAverage,303.28415
56,trailingAnnualDividendRate,5.2
57,trailingAnnualDividendYield,0.01577622
58,currency,USD
59,enterpriseValue,193639923712
60,profitMargins,0.16789
61,floatShares,487721925
62,sharesOutstanding,489052992
63,sharesShort,11250779
64,sharesShortPriorMonth,12781140
65,sharesShortPreviousMonthDate,1713139200
66,dateShortInterest,1715731200
67,sharesPercentSharesOut,0.023
68,heldPercentInsiders,0.00202
69,heldPercentInstitutions,0.72933996
70,shortRatio,4.29
71,shortPercentOfFloat,0.023
72,impliedSharesOutstanding,494711008
73,bookValue,36.051
74,priceToBook,9.0790825
75,lastFiscalYearEnd,1703980800
76,nextFiscalYearEnd,1735603200
77,mostRecentQuarter,1711843200
78,earningsQuarterlyGrowth,0.47
79,netIncomeToCommon,11248000000
80,trailingEps,22.12
81,forwardEps,22.8
82,pegRatio,2.19
83,lastSplitFactor,2:1
84,lastSplitDate,1121299200
85,enterpriseToRevenue,2.89
86,enterpriseToEbitda,12.154
87,52WeekChange,0.35463583
88,SandP52WeekChange,0.22599876
89,lastDividendValue,1.3
90,lastDividendDate,1713484800
91,exchange,NYQ
92,quoteType,EQUITY
93,symbol,CAT
94,underlyingSymbol,CAT
95,shortName,"Caterpillar, Inc."
96,longName,Caterpillar Inc.
97,firstTradeDateEpochUtc,-252322200
98,timeZoneFullName,America/New_York
99,timeZoneShortName,EDT
100,uuid,c01ae1a5-f122-325c-a567-5f86028b536a
101,messageBoardId,finmb_259378
102,gmtOffSetMilliseconds,-14400000
103,currentPrice,327.31
104,targetHighPrice,440.0
105,targetLowPrice,250.0
106,targetMeanPrice,336.49
107,targetMedianPrice,337.5
108,recommendationMean,2.7
109,recommendationKey,hold
110,numberOfAnalystOpinions,20
111,totalCash,4362999808
112,totalCashPerShare,8.917
113,ebitda,15932000256
114,totalDebt,37852999680
115,quickRatio,0.751
116,currentRatio,1.349
117,totalRevenue,66996998144
118,debtToEquity,214.525
119,revenuePerShare,132.661
120,returnOnAssets,0.10358
121,returnOnEquity,0.62789
122,freeCashflow,7145249792
123,operatingCashflow,13363999744
124,earningsGrowth,0.537
125,revenueGrowth,-0.004
126,grossMargins,0.32257998
127,ebitdaMargins,0.2378
128,operatingMargins,0.2216
129,financialCurrency,USD
130,trailingPegRatio,2.5171
