,index,0
0,address1,925 North Eldridge Parkway
1,city,Houston
2,state,TX
3,zip,77079-2703
4,country,United States
5,phone,281 293 1000
6,website,https://www.conocophillips.com
7,industry,Oil & Gas E&P
8,industryKey,oil-gas-e-p
9,industryDisp,Oil & Gas E&P
10,sector,Energy
11,sectorKey,energy
12,sectorDisp,Energy
13,longBusinessSummary,"ConocoPhillips explores for, produces, transports, and markets crude oil, bitumen, natural gas, liquefied natural gas (LNG), and natural gas liquids in the United States, Canada, China, Libya, Malaysia, Norway, the United Kingdom, and internationally. The company's portfolio includes unconventional plays in North America; conventional assets in North America, Europe, Asia, and Australia; global LNG developments; oil sands assets in Canada; and an inventory of global exploration prospects. ConocoPhillips was founded in 1917 and is headquartered in Houston, Texas."
14,fullTimeEmployees,10000
15,companyOfficers,"[{'maxAge': 1, 'name': 'Mr. Ryan M. Lance', 'age': 61, 'title': 'Chairman & CEO', 'yearBorn': 1962, 'fiscalYear': 2023, 'totalPay': 5928548, 'exercisedValue': 32272738, 'unexercisedValue': 130037824}, {'maxAge': 1, 'name': 'Mr. William L. Bullock Jr.', 'age': 58, 'title': 'Executive VP & CFO', 'yearBorn': 1965, 'fiscalYear': 2023, 'totalPay': 2701229, 'exercisedValue': 0, 'unexercisedValue': 13556663}, {'maxAge': 1, 'name': 'Ms. Kelly Brunetti Rose J.D.', 'age': 56, 'title': 'Senior VP of Legal, General Counsel & Corporate Secretary', 'yearBorn': 1967, 'fiscalYear': 2023, 'totalPay': 2297364, 'exercisedValue': 0, 'unexercisedValue': 0}, {'maxAge': 1, 'name': 'Mr. Nicholas G. Olds', 'age': 53, 'title': 'Executive Vice President of Lower 48', 'yearBorn': 1970, 'fiscalYear': 2023, 'totalPay': 2116963, 'exercisedValue': 0, 'unexercisedValue': 1611455}, {'maxAge': 1, 'name': 'Mr. Timothy A. Leach', 'age': 63, 'title': 'Director & Advisor', 'yearBorn': 1960, 'fiscalYear': 2023, 'totalPay': 3381500, 'exercisedValue': 0, 'unexercisedValue': 0}, {'maxAge': 1, 'name': 'Mr. Kirk L. Johnson', 'title': 'Senior Vice President of Global Operations', 'fiscalYear': 2023, 'exercisedValue': 0, 'unexercisedValue': 0}, {'maxAge': 1, 'name': ""Mr. Andrew M. O'Brien"", 'age': 48, 'title': 'Senior Vice President of Strategy, Commercial, Sustainability & Technology', 'yearBorn': 1975, 'fiscalYear': 2023, 'exercisedValue': 0, 'unexercisedValue': 0}, {'maxAge': 1, 'name': 'Ms. Heather G. Hrap', 'age': 50, 'title': 'Senior Vice President of Human Resources & Real Estate and Facilities Services', 'yearBorn': 1973, 'fiscalYear': 2023, 'exercisedValue': 0, 'unexercisedValue': 0}, {'maxAge': 1, 'name': 'Mr. Andrew D. Lundquist', 'age': 62, 'title': 'Senior Vice President of Government Affairs', 'yearBorn': 1961, 'fiscalYear': 2023, 'exercisedValue': 0, 'unexercisedValue': 0}, {'maxAge': 1, 'name': 'Mr. Dodd W. DeCamp', 'title': 'President-Middle East Russia & Caspian Region', 'fiscalYear': 2023, 'exercisedValue': 0, 'unexercisedValue': 0}]"
16,auditRisk,2
17,boardRisk,8
18,compensationRisk,2
19,shareHolderRightsRisk,8
20,overallRisk,5
21,governanceEpochDate,1717200000
22,compensationAsOfEpochDate,1703980800
23,irWebsite,http://www.conocophillips.com/investor-relations/Pages/default.aspx
24,maxAge,86400
25,priceHint,2
26,previousClose,113.3
27,open,113.19
28,dayLow,112.65
29,dayHigh,113.65
30,regularMarketPreviousClose,113.3
31,regularMarketOpen,113.19
32,regularMarketDayLow,112.65
33,regularMarketDayHigh,113.65
34,dividendRate,3.25
35,dividendYield,0.0287
36,exDividendDate,1715299200
37,payoutRatio,0.4054
38,fiveYearAvgDividendYield,2.6
39,beta,1.238
40,trailingPE,12.868629
41,forwardPE,11.284012
42,volume,4180597
43,regularMarketVolume,4180597
44,averageVolume,5357182
45,averageVolume10days,7683930
46,averageDailyVolume10Day,7683930
47,bidSize,900
48,askSize,900
49,marketCap,132300546048
50,fiftyTwoWeekLow,99.35
51,fiftyTwoWeekHigh,135.18
52,priceToSalesTrailing12Months,2.3284152
53,fiftyDayAverage,123.8294
54,twoHundredDayAverage,118.3203
55,trailingAnnualDividendRate,4.18
56,trailingAnnualDividendYield,0.0368932
57,currency,USD
58,enterpriseValue,144864198656
59,profitMargins,0.18634
60,floatShares,1167183213
61,sharesOutstanding,1164310016
62,sharesShort,12154678
63,sharesShortPriorMonth,14076547
64,sharesShortPreviousMonthDate,1713139200
65,dateShortInterest,1715731200
66,sharesPercentSharesOut,0.0104
67,heldPercentInsiders,0.00127
68,heldPercentInstitutions,0.83342004
69,shortRatio,2.5
70,shortPercentOfFloat,0.0104
71,impliedSharesOutstanding,1181430016
72,bookValue,42.175
73,priceToBook,2.69425
74,lastFiscalYearEnd,1703980800
75,nextFiscalYearEnd,1735603200
76,mostRecentQuarter,1711843200
77,earningsQuarterlyGrowth,-0.126
78,netIncomeToCommon,10554999808
79,trailingEps,8.83
80,forwardEps,10.07
81,pegRatio,3.05
82,lastSplitFactor,1311791:1000000
83,lastSplitDate,1335830400
84,enterpriseToRevenue,2.55
85,enterpriseToEbitda,5.965
86,52WeekChange,0.10353565
87,SandP52WeekChange,0.22599876
88,lastDividendValue,0.78
89,lastDividendDate,1715299200
90,exchange,NYQ
91,quoteType,EQUITY
92,symbol,COP
93,underlyingSymbol,COP
94,shortName,ConocoPhillips
95,longName,ConocoPhillips
96,firstTradeDateEpochUtc,378657000
97,timeZoneFullName,America/New_York
98,timeZoneShortName,EDT
99,uuid,97afc5c1-9a02-314c-bde1-c064281437c5
100,messageBoardId,finmb_296527
101,gmtOffSetMilliseconds,-14400000
102,currentPrice,113.63
103,targetHighPrice,166.0
104,targetLowPrice,125.0
105,targetMeanPrice,143.43
106,targetMedianPrice,140.0
107,recommendationMean,2.0
108,recommendationKey,buy
109,numberOfAnalystOpinions,23
110,totalCash,6061000192
111,totalCashPerShare,5.182
112,ebitda,24287000576
113,totalDebt,18417000448
114,quickRatio,1.133
115,currentRatio,1.35
116,totalRevenue,56819998720
117,debtToEquity,37.338
118,revenuePerShare,47.661
119,returnOnAssets,0.10516
120,returnOnEquity,0.21806999
121,freeCashflow,5624124928
122,operatingCashflow,19547000832
123,earningsGrowth,-0.097
124,revenueGrowth,-0.068
125,grossMargins,0.48786
126,ebitdaMargins,0.42744
127,operatingMargins,0.26525998
128,financialCurrency,USD
129,trailingPegRatio,
