,index,0
0,address1,999 Lake Drive
1,city,Issaquah
2,state,WA
3,zip,98027
4,country,United States
5,phone,425 313 8100
6,website,https://www.costco.com
7,industry,Discount Stores
8,industryKey,discount-stores
9,industryDisp,Discount Stores
10,sector,Consumer Defensive
11,sectorKey,consumer-defensive
12,sectorDisp,Consumer Defensive
13,longBusinessSummary,"Costco Wholesale Corporation, together with its subsidiaries, engages in the operation of membership warehouses in the United States, Puerto Rico, Canada, Mexico, Japan, the United Kingdom, Korea, Australia, Taiwan, China, Spain, France, Iceland, New Zealand, and Sweden. The company offers branded and private-label products in a range of merchandise categories. It offers merchandise, such as sundries, dry groceries, candies, coolers, freezers, deli, liquor, and tobacco; appliances, electronics, health and beauty aids, hardware, garden and patio products, sporting goods, tires, toys and seasonal products, office supplies, automotive care products, postages, tickets, apparel, small appliances, furniture, domestics, housewares, special order kiosks, and jewelry; and meat, produce, service deli, and bakery products. The company also operates gasoline, pharmacies, optical, food courts, hearing-aid centers, and tire installation centers; and offers business delivery, travel, grocery, and various other services online. It also operates e-commerce websites. The company was formerly known as Costco Companies, Inc. and changed its name to Costco Wholesale Corporation in August 1999. Costco Wholesale Corporation was founded in 1976 and is based in Issaquah, Washington."
14,fullTimeEmployees,316000
15,companyOfficers,"[{'maxAge': 1, 'name': 'Mr. Ron M. Vachris', 'age': 58, 'title': 'President, CEO & Director', 'yearBorn': 1965, 'fiscalYear': 2023, 'totalPay': 1238158, 'exercisedValue': 0, 'unexercisedValue': 0}, {'maxAge': 1, 'name': 'Mr. Richard A. Galanti', 'age': 67, 'title': 'Advisor & Director', 'yearBorn': 1956, 'fiscalYear': 2023, 'totalPay': 1041889, 'exercisedValue': 0, 'unexercisedValue': 0}, {'maxAge': 1, 'name': 'Mr. Pierre  Riel', 'age': 59, 'title': 'Executive VP & COO of International Division', 'yearBorn': 1964, 'fiscalYear': 2023, 'totalPay': 1424619, 'exercisedValue': 0, 'unexercisedValue': 0}, {'maxAge': 1, 'name': 'Mr. Russell D. Miller', 'age': 66, 'title': 'Senior EVP and COO of Warehouse Operations - U.S. & Mexico', 'yearBorn': 1957, 'fiscalYear': 2023, 'totalPay': 911538, 'exercisedValue': 0, 'unexercisedValue': 0}, {'maxAge': 1, 'name': 'Mr. Gary  Millerchip', 'age': 51, 'title': 'Executive VP & CFO', 'yearBorn': 1972, 'fiscalYear': 2023, 'exercisedValue': 0, 'unexercisedValue': 0}, {'maxAge': 1, 'name': 'Mr. Patrick J. Callans', 'age': 60, 'title': 'Executive Vice President of Administration', 'yearBorn': 1963, 'fiscalYear': 2023, 'exercisedValue': 0, 'unexercisedValue': 0}, {'maxAge': 1, 'name': 'David  Sherwood', 'title': 'Vice President of Finance & Investor Relations', 'fiscalYear': 2023, 'exercisedValue': 0, 'unexercisedValue': 0}, {'maxAge': 1, 'name': 'Mr. John  Sullivan', 'age': 62, 'title': 'Executive VP, General Counsel & Corporate Secretary', 'yearBorn': 1961, 'fiscalYear': 2023, 'exercisedValue': 0, 'unexercisedValue': 0}, {'maxAge': 1, 'name': 'Sheri  Flies', 'title': 'Senior Vice President of Global Sustainability & Compliance', 'fiscalYear': 2023, 'exercisedValue': 0, 'unexercisedValue': 0}, {'maxAge': 1, 'name': 'Peter  Gruening', 'title': 'Senior VP of Membership, Marketing & Member Service Centers', 'fiscalYear': 2023, 'exercisedValue': 0, 'unexercisedValue': 0}]"
16,auditRisk,8
17,boardRisk,4
18,compensationRisk,3
19,shareHolderRightsRisk,1
20,overallRisk,2
21,governanceEpochDate,1717200000
22,compensationAsOfEpochDate,1703980800
23,irWebsite,http://phx.corporate-ir.net/phoenix.zhtml?c=83830&p=irol-irhome&cm_re=1_en-_-Bottom_Nav-_-Bottom_investor&lang=en-US
24,maxAge,86400
25,priceHint,2
26,previousClose,848.34
27,open,849.24
28,dayLow,840.26
29,dayHigh,850.935
30,regularMarketPreviousClose,848.34
31,regularMarketOpen,849.24
32,regularMarketDayLow,840.26
33,regularMarketDayHigh,850.935
34,dividendRate,4.64
35,dividendYield,0.0055
36,exDividendDate,1714003200
37,payoutRatio,0.2616
38,fiveYearAvgDividendYield,0.72
39,beta,0.781
40,trailingPE,52.68672
41,forwardPE,48.037895
42,volume,1508666
43,regularMarketVolume,1508666
44,averageVolume,1781161
45,averageVolume10days,2149240
46,averageDailyVolume10Day,2149240
47,bid,848.96
48,ask,849.57
49,bidSize,100
50,askSize,100
51,marketCap,376528863232
52,fiftyTwoWeekLow,516.54
53,fiftyTwoWeekHigh,850.935
54,priceToSalesTrailing12Months,1.5132093
55,fiftyDayAverage,761.0264
56,twoHundredDayAverage,666.6053
57,trailingAnnualDividendRate,4.08
58,trailingAnnualDividendYield,0.004809392
59,currency,USD
60,enterpriseValue,374326853632
61,profitMargins,0.0273
62,floatShares,442013886
63,sharesOutstanding,443335008
64,sharesShort,6603415
65,sharesShortPriorMonth,6297238
66,sharesShortPreviousMonthDate,1713139200
67,dateShortInterest,1715731200
68,sharesPercentSharesOut,0.0149
69,heldPercentInsiders,0.00191
70,heldPercentInstitutions,0.71917
71,shortRatio,4.02
72,shortPercentOfFloat,0.0149
73,impliedSharesOutstanding,443335008
74,bookValue,49.103
75,priceToBook,17.2965
76,lastFiscalYearEnd,1693699200
77,nextFiscalYearEnd,1725321600
78,mostRecentQuarter,1715472000
79,earningsQuarterlyGrowth,0.291
80,netIncomeToCommon,6793999872
81,trailingEps,16.12
82,forwardEps,17.68
83,pegRatio,5.24
84,lastSplitFactor,2:1
85,lastSplitDate,947808000
86,enterpriseToRevenue,1.504
87,enterpriseToEbitda,33.808
88,52WeekChange,0.60914266
89,SandP52WeekChange,0.22599876
90,lastDividendValue,1.16
91,lastDividendDate,1714003200
92,exchange,NMS
93,quoteType,EQUITY
94,symbol,COST
95,underlyingSymbol,COST
96,shortName,Costco Wholesale Corporation
97,longName,Costco Wholesale Corporation
98,firstTradeDateEpochUtc,521299800
99,timeZoneFullName,America/New_York
100,timeZoneShortName,EDT
101,uuid,ab9e914f-db40-3f4b-8924-8140f0082aa4
102,messageBoardId,finmb_92817
103,gmtOffSetMilliseconds,-14400000
104,currentPrice,849.31
105,targetHighPrice,940.0
106,targetLowPrice,675.0
107,targetMeanPrice,838.99
108,targetMedianPrice,851.0
109,recommendationMean,2.1
110,recommendationKey,buy
111,numberOfAnalystOpinions,29
112,totalCash,11498999808
113,totalCashPerShare,25.937
114,ebitda,11072000000
115,totalDebt,9297000448
116,quickRatio,0.378
117,currentRatio,0.927
118,totalRevenue,248828002304
119,debtToEquity,42.704
120,revenuePerShare,560.607
121,returnOnAssets,0.08351
122,returnOnEquity,0.31194
123,freeCashflow,3954749952
124,operatingCashflow,10648000512
125,earningsGrowth,0.29
126,revenueGrowth,0.091
127,grossMargins,0.12550001
128,ebitdaMargins,0.044499997
129,operatingMargins,0.037550002
130,financialCurrency,USD
131,trailingPegRatio,5.4504
