,index,0
0,address1,6001 Bollinger Canyon Road
1,city,San Ramon
2,state,CA
3,zip,94583-2324
4,country,United States
5,phone,925 842 1000
6,website,https://www.chevron.com
7,industry,Oil & Gas Integrated
8,industryKey,oil-gas-integrated
9,industryDisp,Oil & Gas Integrated
10,sector,Energy
11,sectorKey,energy
12,sectorDisp,Energy
13,longBusinessSummary,"Chevron Corporation, through its subsidiaries, engages in the integrated energy and chemicals operations in the United States and internationally. The company operates in two segments, Upstream and Downstream. The Upstream segment is involved in the exploration, development, production, and transportation of crude oil and natural gas; processing, liquefaction, transportation, and regasification of liquefied natural gas; transportation of crude oil through pipelines; transportation, storage, and marketing of natural gas; and carbon capture and storage, as well as a gas-to-liquids plant. The Downstream segment refines crude oil into petroleum products; markets crude oil, refined products, and lubricants; manufactures and markets renewable fuels, commodity petrochemicals, plastics for industrial uses, and fuel and lubricant additives; and transports crude oil and refined products by pipeline, marine vessel, motor equipment, and rail car. The company was formerly known as ChevronTexaco Corporation and changed its name to Chevron Corporation in 2005. Chevron Corporation was founded in 1879 and is headquartered in San Ramon, California."
14,fullTimeEmployees,45600
15,companyOfficers,"[{'maxAge': 1, 'name': 'Mr. Michael K. Wirth', 'age': 62, 'title': 'Chairman & CEO', 'yearBorn': 1961, 'fiscalYear': 2023, 'totalPay': 4865200, 'exercisedValue': 0, 'unexercisedValue': 64144600}, {'maxAge': 1, 'name': 'Mr. R. Hewitt Pate', 'age': 60, 'title': 'VP & General Counsel', 'yearBorn': 1963, 'fiscalYear': 2023, 'totalPay': 2383101, 'exercisedValue': 0, 'unexercisedValue': 6045624}, {'maxAge': 1, 'name': 'Mr. A. Nigel Hearne', 'age': 55, 'title': 'Executive Vice President of Oil, Products & Gas', 'yearBorn': 1968, 'fiscalYear': 2023, 'totalPay': 3390193, 'exercisedValue': 0, 'unexercisedValue': 3672522}, {'maxAge': 1, 'name': 'Ms. Eimear P. Bonner', 'age': 48, 'title': 'VP, CFO, & President of Chevron Technical Center', 'yearBorn': 1975, 'fiscalYear': 2023, 'exercisedValue': 0, 'unexercisedValue': 0}, {'maxAge': 1, 'name': 'Ms. Rhonda J. Morris', 'age': 58, 'title': 'VP & Chief Human Resources Officer', 'yearBorn': 1965, 'fiscalYear': 2023, 'exercisedValue': 0, 'unexercisedValue': 0}, {'maxAge': 1, 'name': 'Mr. Clay  Neff', 'age': 61, 'title': 'President of International Exploration & Production', 'yearBorn': 1962, 'fiscalYear': 2023, 'exercisedValue': 0, 'unexercisedValue': 0}, {'maxAge': 1, 'name': 'Mr. Jeff B. Gustavson', 'age': 50, 'title': 'President of Chevron New Energies & VP of Lower Carbon Energies', 'yearBorn': 1973, 'fiscalYear': 2023, 'exercisedValue': 0, 'unexercisedValue': 0}, {'maxAge': 1, 'name': 'Dr. Anoop  Kumar', 'title': 'President of the National Lubricating Grease', 'fiscalYear': 2023, 'exercisedValue': 0, 'unexercisedValue': 0}, {'maxAge': 1, 'name': 'Ms. Molly T. Laegeler', 'age': 45, 'title': 'VP of Strategy & Sustainability', 'yearBorn': 1978, 'fiscalYear': 2023, 'exercisedValue': 0, 'unexercisedValue': 0}, {'maxAge': 1, 'name': 'Mr. Paul K. Siegele', 'age': 64, 'title': 'CTO & President - Chevron Energy Technology Company', 'yearBorn': 1959, 'fiscalYear': 2023, 'exercisedValue': 0, 'unexercisedValue': 0}]"
16,auditRisk,4
17,boardRisk,4
18,compensationRisk,1
19,shareHolderRightsRisk,1
20,overallRisk,1
21,governanceEpochDate,1717200000
22,compensationAsOfEpochDate,1703980800
23,irWebsite,http://investor.chevron.com/phoenix.zhtml?c=130102&p=irol-irhome
24,maxAge,86400
25,priceHint,2
26,previousClose,156.74
27,open,156.17
28,dayLow,154.48
29,dayHigh,156.75
30,regularMarketPreviousClose,156.74
31,regularMarketOpen,156.17
32,regularMarketDayLow,154.48
33,regularMarketDayHigh,156.75
34,dividendRate,6.52
35,dividendYield,0.0416
36,exDividendDate,1715817600
37,payoutRatio,0.5667
38,fiveYearAvgDividendYield,4.42
39,beta,1.107
40,trailingPE,14.383272
41,forwardPE,11.004923
42,volume,5083699
43,regularMarketVolume,5083699
44,averageVolume,7422758
45,averageVolume10days,7015090
46,averageDailyVolume10Day,7015090
47,bidSize,900
48,askSize,1000
49,marketCap,288406372352
50,fiftyTwoWeekLow,139.62
51,fiftyTwoWeekHigh,171.7
52,priceToSalesTrailing12Months,1.4959923
53,fiftyDayAverage,160.4972
54,twoHundredDayAverage,155.2885
55,trailingAnnualDividendRate,6.16
56,trailingAnnualDividendYield,0.03930075
57,currency,USD
58,enterpriseValue,305626447872
59,profitMargins,0.10528
60,floatShares,1721024547
61,sharesOutstanding,1842969984
62,sharesShort,51080270
63,sharesShortPriorMonth,52153731
64,sharesShortPreviousMonthDate,1713139200
65,dateShortInterest,1715731200
66,sharesPercentSharesOut,0.0279
67,heldPercentInsiders,0.06726
68,heldPercentInstitutions,0.67487
69,shortRatio,6.99
70,shortPercentOfFloat,0.0279
71,impliedSharesOutstanding,1850360064
72,bookValue,86.965
73,priceToBook,1.7994597
74,lastFiscalYearEnd,1703980800
75,nextFiscalYearEnd,1735603200
76,mostRecentQuarter,1711843200
77,earningsQuarterlyGrowth,-0.163
78,netIncomeToCommon,20295999488
79,trailingEps,10.88
80,forwardEps,14.22
81,pegRatio,2.63
82,lastSplitFactor,2:1
83,lastSplitDate,1095033600
84,enterpriseToRevenue,1.585
85,enterpriseToEbitda,7.413
86,52WeekChange,-0.0022280216
87,SandP52WeekChange,0.22599876
88,lastDividendValue,1.63
89,lastDividendDate,1715817600
90,exchange,NYQ
91,quoteType,EQUITY
92,symbol,CVX
93,underlyingSymbol,CVX
94,shortName,Chevron Corporation
95,longName,Chevron Corporation
96,firstTradeDateEpochUtc,-252322200
97,timeZoneFullName,America/New_York
98,timeZoneShortName,EDT
99,uuid,030410ed-236a-3375-b5de-4212d6028be6
100,messageBoardId,finmb_98506
101,gmtOffSetMilliseconds,-14400000
102,currentPrice,156.49
103,targetHighPrice,206.0
104,targetLowPrice,155.0
105,targetMeanPrice,184.24
106,targetMedianPrice,182.57
107,recommendationMean,2.1
108,recommendationKey,buy
109,numberOfAnalystOpinions,23
110,totalCash,6278000128
111,totalCashPerShare,3.399
112,ebitda,41230999552
113,totalDebt,21834999808
114,quickRatio,0.808
115,currentRatio,1.23
116,totalRevenue,192786006016
117,debtToEquity,13.507
118,revenuePerShare,103.611
119,returnOnAssets,0.061479997
120,returnOnEquity,0.12641
121,freeCashflow,14773125120
122,operatingCashflow,35231997952
123,earningsGrowth,-0.142
124,revenueGrowth,-0.041
125,grossMargins,0.39516997
126,ebitdaMargins,0.21386999
127,operatingMargins,0.13908
128,financialCurrency,USD
129,trailingPegRatio,4.4104
