,index,0
0,address1,1111 Bagby Street
1,address2,Sky Lobby 2
2,city,Houston
3,state,TX
4,zip,77002
5,country,United States
6,phone,713 651 7000
7,fax,713 651 6995
8,website,https://www.eogresources.com
9,industry,Oil & Gas E&P
10,industryKey,oil-gas-e-p
11,industryDisp,Oil & Gas E&P
12,sector,Energy
13,sectorKey,energy
14,sectorDisp,Energy
15,longBusinessSummary,"EOG Resources, Inc., together with its subsidiaries, explores for, develops, produces, and markets crude oil, natural gas liquids, and natural gas primarily in producing basins in the United States, the Republic of Trinidad and Tobago and internationally. The company was formerly known as Enron Oil & Gas Company. EOG Resources, Inc. was incorporated in 1985 and is headquartered in Houston, Texas."
16,fullTimeEmployees,3050
17,companyOfficers,"[{'maxAge': 1, 'name': 'Mr. Ezra Y. Yacob', 'age': 46, 'title': 'CEO & Chairman', 'yearBorn': 1977, 'fiscalYear': 2023, 'totalPay': 4062370, 'exercisedValue': 1705083, 'unexercisedValue': 749923}, {'maxAge': 1, 'name': 'Mr. Jeffrey R. Leitzell', 'age': 43, 'title': 'Executive VP & COO', 'yearBorn': 1980, 'fiscalYear': 2023, 'totalPay': 1441809, 'exercisedValue': 141400, 'unexercisedValue': 1435252}, {'maxAge': 1, 'name': 'Mr. Michael P. Donaldson', 'age': 60, 'title': 'Executive VP, General Counsel & Corporate Secretary', 'yearBorn': 1963, 'fiscalYear': 2023, 'totalPay': 1948717, 'exercisedValue': 0, 'unexercisedValue': 500762}, {'maxAge': 1, 'name': 'Ms. Ann D. Janssen', 'age': 58, 'title': 'Executive VP & CFO', 'yearBorn': 1965, 'fiscalYear': 2023, 'exercisedValue': 0, 'unexercisedValue': 0}, {'maxAge': 1, 'name': 'Laura B. Distefano', 'title': 'VP & Chief Accounting Officer', 'fiscalYear': 2023, 'exercisedValue': 0, 'unexercisedValue': 0}, {'maxAge': 1, 'name': 'Mr. Sandeep  Bhakhri', 'title': 'Senior VP and Chief Information & Technology Officer', 'fiscalYear': 2023, 'exercisedValue': 0, 'unexercisedValue': 0}, {'maxAge': 1, 'name': 'Mr. Pearce Wheless Hammond Jr., C.F.A.', 'title': 'Vice President of Investor Relations', 'fiscalYear': 2023, 'exercisedValue': 0, 'unexercisedValue': 0}, {'maxAge': 1, 'name': 'Mr. D. Lance Terveen', 'title': 'Senior Vice President of Marketing & Midstream', 'fiscalYear': 2023, 'exercisedValue': 0, 'unexercisedValue': 0}, {'maxAge': 1, 'name': 'Michele L. Hatz', 'title': 'VP & Chief Human Resources Officer', 'fiscalYear': 2023, 'exercisedValue': 0, 'unexercisedValue': 0}, {'maxAge': 1, 'name': 'Mr. John J. Boyd III', 'title': 'Senior Vice President of Operations', 'fiscalYear': 2023, 'exercisedValue': 0, 'unexercisedValue': 0}]"
18,auditRisk,3
19,boardRisk,5
20,compensationRisk,3
21,shareHolderRightsRisk,2
22,overallRisk,2
23,governanceEpochDate,1717200000
24,compensationAsOfEpochDate,1703980800
25,maxAge,86400
26,priceHint,2
27,previousClose,121.59
28,open,120.69
29,dayLow,119.79
30,dayHigh,122.05
31,regularMarketPreviousClose,121.59
32,regularMarketOpen,120.69
33,regularMarketDayLow,119.79
34,regularMarketDayHigh,122.05
35,dividendRate,3.64
36,dividendYield,0.0299
37,exDividendDate,1721174400
38,payoutRatio,0.2676
39,fiveYearAvgDividendYield,2.28
40,beta,1.331
41,trailingPE,9.646641
42,forwardPE,9.872977
43,volume,2063430
44,regularMarketVolume,2063430
45,averageVolume,3321300
46,averageVolume10days,3515090
47,averageDailyVolume10Day,3515090
48,bidSize,1000
49,askSize,1000
50,marketCap,70131982336
51,fiftyTwoWeekLow,106.34
52,fiftyTwoWeekHigh,139.67
53,priceToSalesTrailing12Months,2.9800282
54,fiftyDayAverage,129.8678
55,twoHundredDayAverage,124.0861
56,trailingAnnualDividendRate,3.47
57,trailingAnnualDividendYield,0.028538533
58,currency,USD
59,enterpriseValue,68948934656
60,profitMargins,0.31274
61,floatShares,572814069
62,sharesOutstanding,574710976
63,sharesShort,9406244
64,sharesShortPriorMonth,10560667
65,sharesShortPreviousMonthDate,1713139200
66,dateShortInterest,1715731200
67,sharesPercentSharesOut,0.0164
68,heldPercentInsiders,0.0050700004
69,heldPercentInstitutions,0.92157996
70,shortRatio,3.12
71,shortPercentOfFloat,0.0164
72,impliedSharesOutstanding,574710976
73,bookValue,49.834
74,priceToBook,2.4487298
75,lastFiscalYearEnd,1703980800
76,nextFiscalYearEnd,1735603200
77,mostRecentQuarter,1711843200
78,earningsQuarterlyGrowth,-0.116
79,netIncomeToCommon,7360000000
80,trailingEps,12.65
81,forwardEps,12.36
82,pegRatio,2.3
83,lastSplitFactor,2:1
84,lastSplitDate,1396310400
85,enterpriseToRevenue,2.93
86,enterpriseToEbitda,5.221
87,52WeekChange,0.098671675
88,SandP52WeekChange,0.22599876
89,lastDividendValue,0.91
90,lastDividendDate,1713139200
91,exchange,NYQ
92,quoteType,EQUITY
93,symbol,EOG
94,underlyingSymbol,EOG
95,shortName,"EOG Resources, Inc."
96,longName,"EOG Resources, Inc."
97,firstTradeDateEpochUtc,623511000
98,timeZoneFullName,America/New_York
99,timeZoneShortName,EDT
100,uuid,d1bb52dc-b58a-35ed-be21-e5c7f866adf9
101,messageBoardId,finmb_269660
102,gmtOffSetMilliseconds,-14400000
103,currentPrice,122.03
104,targetHighPrice,169.0
105,targetLowPrice,125.0
106,targetMeanPrice,145.89
107,targetMedianPrice,145.0
108,recommendationMean,2.4
109,recommendationKey,buy
110,numberOfAnalystOpinions,27
111,totalCash,5292000256
112,totalCashPerShare,9.208
113,ebitda,13205000192
114,totalDebt,4108999936
115,quickRatio,1.868
116,currentRatio,2.323
117,totalRevenue,23534000128
118,debtToEquity,14.349
119,revenuePerShare,40.663
120,returnOnAssets,0.13520999
121,returnOnEquity,0.27216998
122,freeCashflow,3039000064
123,operatingCashflow,10988000256
124,earningsGrowth,-0.101
125,revenueGrowth,0.047
126,grossMargins,0.62263
127,ebitdaMargins,0.5611
128,operatingMargins,0.38311002
129,financialCurrency,USD
130,trailingPegRatio,
