,index,0
0,address1,1 Neumann Way
1,city,Evendale
2,state,OH
3,zip,45215
4,country,United States
5,phone,617-443-3000
6,website,https://www.geaerospace.com
7,industry,Aerospace & Defense
8,industryKey,aerospace-defense
9,industryDisp,Aerospace & Defense
10,sector,Industrials
11,sectorKey,industrials
12,sectorDisp,Industrials
13,longBusinessSummary,"General Electric Company, doing business as GE Aerospace, designs and produces commercial and defense aircraft engines, integrated engine components, electric power, and mechanical aircraft systems. It also offers aftermarket services to support its products. The company operates in the United States, Europe, China, Asia, the Americas, the Middle East, and Africa. General Electric Company was incorporated in 1892 and is based in Evendale, Ohio."
14,fullTimeEmployees,125000
15,companyOfficers,"[{'maxAge': 1, 'name': 'Mr. H. Lawrence Culp Jr.', 'age': 60, 'title': 'Chairman & CEO', 'yearBorn': 1963, 'fiscalYear': 2023, 'totalPay': 8696020, 'exercisedValue': 0, 'unexercisedValue': 0}, {'maxAge': 1, 'name': 'Mr. Rahul  Ghai', 'age': 51, 'title': 'Senior VP & CFO', 'yearBorn': 1972, 'fiscalYear': 2023, 'totalPay': 2377326, 'exercisedValue': 0, 'unexercisedValue': 0}, {'maxAge': 1, 'name': 'Mr. Russell T. Stokes', 'age': 52, 'title': 'President and CEO of Commercial Engines and Services', 'yearBorn': 1971, 'fiscalYear': 2023, 'totalPay': 3601832, 'exercisedValue': 0, 'unexercisedValue': 7814972}, {'maxAge': 1, 'name': 'Mr. Robert M. Giglietti', 'age': 52, 'title': 'Chief Accounting Officer, Controller & Treasurer', 'yearBorn': 1971, 'fiscalYear': 2023, 'exercisedValue': 0, 'unexercisedValue': 0}, {'maxAge': 1, 'name': 'Mr. David  Burns', 'title': 'Chief Information Officer', 'fiscalYear': 2023, 'exercisedValue': 0, 'unexercisedValue': 0}, {'maxAge': 1, 'name': 'Mr. John R. Phillips', 'title': 'Senior VP, General Counsel & Secretary', 'fiscalYear': 2023, 'exercisedValue': 0, 'unexercisedValue': 0}, {'maxAge': 1, 'name': 'Mr. Christian E. Meisner', 'title': 'Chief Human Resources Officer', 'fiscalYear': 2023, 'exercisedValue': 0, 'unexercisedValue': 0}, {'maxAge': 1, 'name': 'Mr. Christoph A. Pereira', 'age': 50, 'title': 'Chief Executive Officer of Aerospace Carbon Solutions (ACS) & Sustainability', 'yearBorn': 1973, 'fiscalYear': 2023, 'exercisedValue': 0, 'unexercisedValue': 0}, {'maxAge': 1, 'name': 'Mr. Ramesh  Singaram', 'title': ""President & CEO of GE Gas Power's APAC"", 'fiscalYear': 2023, 'exercisedValue': 0, 'unexercisedValue': 0}, {'maxAge': 1, 'name': 'Mr. Peter  Stracar', 'title': 'President & CEO of European Region', 'fiscalYear': 2023, 'exercisedValue': 0, 'unexercisedValue': 0}]"
16,auditRisk,10
17,boardRisk,6
18,compensationRisk,2
19,shareHolderRightsRisk,2
20,overallRisk,4
21,governanceEpochDate,1717200000
22,compensationAsOfEpochDate,1703980800
23,irWebsite,http://www.ge.com/investor-relations
24,maxAge,86400
25,priceHint,2
26,previousClose,162.84
27,open,162.03
28,dayLow,159.61
29,dayHigh,162.255
30,regularMarketPreviousClose,162.84
31,regularMarketOpen,162.03
32,regularMarketDayLow,159.61
33,regularMarketDayHigh,162.255
34,dividendRate,1.12
35,dividendYield,0.0069
36,exDividendDate,1712880000
37,payoutRatio,0.063200004
38,fiveYearAvgDividendYield,0.44
39,beta,1.238
40,trailingPE,42.311348
41,forwardPE,31.6917
42,volume,5102704
43,regularMarketVolume,5102704
44,averageVolume,7455687
45,averageVolume10days,5335470
46,averageDailyVolume10Day,5335470
47,bidSize,800
48,askSize,1000
49,marketCap,175531671552
50,fiftyTwoWeekLow,81.915405
51,fiftyTwoWeekHigh,170.8
52,priceToSalesTrailing12Months,2.5248728
53,fiftyDayAverage,159.35164
54,twoHundredDayAverage,116.719635
55,trailingAnnualDividendRate,0.52
56,trailingAnnualDividendYield,0.0031933186
57,currency,USD
58,enterpriseValue,178928123904
59,profitMargins,0.05052
60,floatShares,1089516755
61,sharesOutstanding,1094610048
62,sharesShort,11116028
63,sharesShortPriorMonth,10930473
64,sharesShortPreviousMonthDate,1713139200
65,dateShortInterest,1715731200
66,sharesPercentSharesOut,0.010199999
67,heldPercentInsiders,0.00224
68,heldPercentInstitutions,0.77098
69,shortRatio,1.64
70,shortPercentOfFloat,0.010199999
71,impliedSharesOutstanding,1094610048
72,bookValue,27.275
73,priceToBook,5.879377
74,lastFiscalYearEnd,1703980800
75,nextFiscalYearEnd,1735603200
76,mostRecentQuarter,1711843200
77,earningsQuarterlyGrowth,-0.795
78,netIncomeToCommon,4192000000
79,trailingEps,3.79
80,forwardEps,5.06
81,pegRatio,1.33
82,lastSplitFactor,1253:1000
83,lastSplitDate,1712016000
84,enterpriseToRevenue,2.574
85,enterpriseToEbitda,21.093
86,52WeekChange,0.948792
87,SandP52WeekChange,0.22599876
88,lastDividendValue,0.28
89,lastDividendDate,1712880000
90,exchange,NYQ
91,quoteType,EQUITY
92,symbol,GE
93,underlyingSymbol,GE
94,shortName,GE Aerospace
95,longName,General Electric Company
96,firstTradeDateEpochUtc,-252322200
97,timeZoneFullName,America/New_York
98,timeZoneShortName,EDT
99,uuid,f8037296-28ad-3419-9f22-4c2a225038e9
100,messageBoardId,finmb_177031
101,gmtOffSetMilliseconds,-14400000
102,currentPrice,160.36
103,targetHighPrice,211.0
104,targetLowPrice,165.0
105,targetMeanPrice,185.65
106,targetMedianPrice,180.02
107,recommendationMean,1.8
108,recommendationKey,buy
109,numberOfAnalystOpinions,14
110,totalCash,20284000256
111,totalCashPerShare,18.531
112,ebitda,8482999808
113,totalDebt,22432999424
114,quickRatio,0.715
115,currentRatio,1.166
116,totalRevenue,69520998400
117,debtToEquity,72.125
118,revenuePerShare,63.81
119,returnOnAssets,0.02431
120,returnOnEquity,0.13635
121,freeCashflow,6139125248
122,operatingCashflow,6430000128
123,earningsGrowth,-0.792
124,revenueGrowth,0.108
125,grossMargins,0.22494
126,ebitdaMargins,0.12202
127,operatingMargins,0.09612001
128,financialCurrency,USD
129,trailingPegRatio,2.0128
