,index,0
0,address1,1600 Amphitheatre Parkway
1,city,Mountain View
2,state,CA
3,zip,94043
4,country,United States
5,phone,650 253 0000
6,website,https://abc.xyz
7,industry,Internet Content & Information
8,industryKey,internet-content-information
9,industryDisp,Internet Content & Information
10,sector,Communication Services
11,sectorKey,communication-services
12,sectorDisp,Communication Services
13,longBusinessSummary,"Alphabet Inc. offers various products and platforms in the United States, Europe, the Middle East, Africa, the Asia-Pacific, Canada, and Latin America. It operates through Google Services, Google Cloud, and Other Bets segments. The Google Services segment provides products and services, including ads, Android, Chrome, devices, Gmail, Google Drive, Google Maps, Google Photos, Google Play, Search, and YouTube. It is also involved in the sale of apps and in-app purchases and digital content in the Google Play and YouTube; and devices, as well as in the provision of YouTube consumer subscription services. The Google Cloud segment offers infrastructure, cybersecurity, databases, analytics, AI, and other services; Google Workspace that include cloud-based communication and collaboration tools for enterprises, such as Gmail, Docs, Drive, Calendar, and Meet; and other services for enterprise customers. The Other Bets segment sells healthcare-related and internet services. The company was incorporated in 1998 and is headquartered in Mountain View, California."
14,fullTimeEmployees,180895
15,companyOfficers,"[{'maxAge': 1, 'name': 'Mr. Sundar  Pichai', 'age': 50, 'title': 'CEO & Director', 'yearBorn': 1973, 'fiscalYear': 2023, 'totalPay': 8802824, 'exercisedValue': 0, 'unexercisedValue': 0}, {'maxAge': 1, 'name': 'Ms. Ruth M. Porat', 'age': 65, 'title': 'President, Chief Investment Officer, Senior VP & CFO', 'yearBorn': 1958, 'fiscalYear': 2023, 'totalPay': 2515700, 'exercisedValue': 0, 'unexercisedValue': 0}, {'maxAge': 1, 'name': 'Dr. Lawrence Edward Page II', 'age': 50, 'title': 'Co-Founder & Director', 'yearBorn': 1973, 'fiscalYear': 2023, 'totalPay': 1, 'exercisedValue': 0, 'unexercisedValue': 0}, {'maxAge': 1, 'name': 'Mr. Sergey  Brin', 'age': 49, 'title': 'Co-Founder & Director', 'yearBorn': 1974, 'fiscalYear': 2023, 'totalPay': 1, 'exercisedValue': 0, 'unexercisedValue': 0}, {'maxAge': 1, 'name': 'Mr. J. Kent Walker', 'age': 62, 'title': 'President of Global Affairs, Chief Legal Officer & Company Secretary', 'yearBorn': 1961, 'fiscalYear': 2023, 'totalPay': 2511737, 'exercisedValue': 0, 'unexercisedValue': 0}, {'maxAge': 1, 'name': 'Dr. Prabhakar  Raghavan', 'age': 62, 'title': 'Senior Vice President of Knowledge and Information - Google', 'yearBorn': 1961, 'fiscalYear': 2023, 'totalPay': 2511737, 'exercisedValue': 0, 'unexercisedValue': 0}, {'maxAge': 1, 'name': 'Mr. Philipp  Schindler', 'age': 52, 'title': 'Senior Vice President & Chief Business Officer of Google', 'yearBorn': 1971, 'fiscalYear': 2023, 'totalPay': 2514032, 'exercisedValue': 0, 'unexercisedValue': 0}, {'maxAge': 1, 'name': ""Ms. Amie Thuener O'Toole"", 'age': 48, 'title': 'Chief Accounting Officer & VP', 'yearBorn': 1975, 'fiscalYear': 2023, 'exercisedValue': 0, 'unexercisedValue': 0}, {'maxAge': 1, 'name': 'Ms. Ellen  West', 'title': 'Vice President of Investor Relations', 'fiscalYear': 2023, 'exercisedValue': 0, 'unexercisedValue': 0}, {'maxAge': 1, 'name': 'Ms. Fiona Clare Cicconi', 'age': 57, 'title': 'Chief People Officer', 'yearBorn': 1966, 'fiscalYear': 2023, 'exercisedValue': 0, 'unexercisedValue': 0}]"
16,auditRisk,9
17,boardRisk,7
18,compensationRisk,10
19,shareHolderRightsRisk,10
20,overallRisk,10
21,governanceEpochDate,1717200000
22,compensationAsOfEpochDate,1703980800
23,maxAge,86400
24,priceHint,2
25,previousClose,175.01
26,open,176.215
27,dayLow,173.7701
28,dayHigh,176.84
29,regularMarketPreviousClose,175.01
30,regularMarketOpen,176.215
31,regularMarketDayLow,173.7701
32,regularMarketDayHigh,176.84
33,dividendRate,0.8
34,dividendYield,0.0046
35,exDividendDate,1717977600
36,beta,1.01
37,trailingPE,27.130568
38,forwardPE,20.561117
39,volume,20694614
40,regularMarketVolume,20694614
41,averageVolume,27707543
42,averageVolume10days,24765730
43,averageDailyVolume10Day,24765730
44,bid,176.63
45,ask,176.7
46,bidSize,100
47,askSize,100
48,marketCap,2192242638848
49,fiftyTwoWeekLow,115.35
50,fiftyTwoWeekHigh,178.77
51,priceToSalesTrailing12Months,6.8906813
52,fiftyDayAverage,165.8114
53,twoHundredDayAverage,144.8233
54,currency,USD
55,enterpriseValue,2102955999232
56,profitMargins,0.25902
57,floatShares,11029638580
58,sharesOutstanding,5873999872
59,sharesShort,54895314
60,sharesShortPriorMonth,58724354
61,sharesShortPreviousMonthDate,1713139200
62,dateShortInterest,1715731200
63,sharesPercentSharesOut,0.0044
64,heldPercentInsiders,0.00253
65,heldPercentInstitutions,0.80934
66,shortRatio,1.85
67,shortPercentOfFloat,0.0094
68,impliedSharesOutstanding,12412199936
69,bookValue,23.653
70,priceToBook,7.4671288
71,lastFiscalYearEnd,1703980800
72,nextFiscalYearEnd,1735603200
73,mostRecentQuarter,1711843200
74,earningsQuarterlyGrowth,0.572
75,netIncomeToCommon,82405998592
76,trailingEps,6.51
77,forwardEps,8.59
78,pegRatio,1.17
79,lastSplitFactor,20:1
80,lastSplitDate,1658102400
81,enterpriseToRevenue,6.61
82,enterpriseToEbitda,19.166
83,52WeekChange,0.41513705
84,SandP52WeekChange,0.22599876
85,lastDividendValue,0.2
86,lastDividendDate,1717977600
87,exchange,NMS
88,quoteType,EQUITY
89,symbol,GOOGL
90,underlyingSymbol,GOOGL
91,shortName,Alphabet Inc.
92,longName,Alphabet Inc.
93,firstTradeDateEpochUtc,1092922200
94,timeZoneFullName,America/New_York
95,timeZoneShortName,EDT
96,uuid,e15ce71f-f533-3912-9f11-a46c09e2412b
97,messageBoardId,finmb_29096
98,gmtOffSetMilliseconds,-14400000
99,currentPrice,176.62
100,targetHighPrice,225.0
101,targetLowPrice,143.0
102,targetMeanPrice,193.58
103,targetMedianPrice,200.0
104,recommendationMean,1.9
105,recommendationKey,buy
106,numberOfAnalystOpinions,44
107,totalCash,108089999360
108,totalCashPerShare,8.747
109,ebitda,109723000832
110,totalDebt,28376000512
111,quickRatio,1.982
112,currentRatio,2.149
113,totalRevenue,318145986560
114,debtToEquity,9.69
115,revenuePerShare,25.374
116,returnOnAssets,0.15608
117,returnOnEquity,0.29764
118,freeCashflow,55064125440
119,operatingCashflow,107084996608
120,earningsGrowth,0.609
121,revenueGrowth,0.154
122,grossMargins,0.57466
123,ebitdaMargins,0.34487998
124,operatingMargins,0.32516
125,financialCurrency,USD
126,trailingPegRatio,1.5771
