,index,0
0,address1,200 West Street
1,city,New York
2,state,NY
3,zip,10282
4,country,United States
5,phone,212 902 1000
6,website,https://www.goldmansachs.com
7,industry,Capital Markets
8,industryKey,capital-markets
9,industryDisp,Capital Markets
10,sector,Financial Services
11,sectorKey,financial-services
12,sectorDisp,Financial Services
13,longBusinessSummary,"The Goldman Sachs Group, Inc., a financial institution, provides a range of financial services for corporations, financial institutions, governments, and individuals worldwide. It operates through Global Banking & Markets, Asset & Wealth Management, and Platform Solutions segments. The Global Banking & Markets segment provides financial advisory services, including strategic advisory assignments related to mergers and acquisitions, divestitures, corporate defense activities, restructurings, and spin-offs; and relationship lending, and acquisition financing, as well as secured lending, through structured credit and asset-backed lending and involved in financing under securities to resale agreements. This segment also offers client execution activities for cash and derivative instruments; credit and interest rate products; and provision of mortgages, currencies, commodities, and equities related products, as well as underwriting services. The Asset & Wealth Management segment manages assets across various classes, including equity, fixed income, hedge funds, credit funds, private equity, real estate, currencies, and commodities; and provides customized investment advisory solutions, wealth advisory services, personalized financial planning, and private banking services, as well as invests in corporate equity, credit, real estate, and infrastructure assets. The Platform Solutions segment offers credit cards and point-of-sale financing for purchase of goods or services. This segment also provides cash management services, such as deposit-taking and payment solutions for corporate and institutional clients. The Goldman Sachs Group, Inc. was founded in 1869 and is headquartered in New York, New York."
14,fullTimeEmployees,44400
15,companyOfficers,"[{'maxAge': 1, 'name': 'Mr. David  Solomon', 'age': 61, 'title': 'Chairman & CEO', 'yearBorn': 1962, 'fiscalYear': 2023, 'totalPay': 11020855, 'exercisedValue': 0, 'unexercisedValue': 0}, {'maxAge': 1, 'name': 'Mr. John E. Waldron', 'age': 53, 'title': 'President & COO', 'yearBorn': 1970, 'fiscalYear': 2023, 'totalPay': 13465563, 'exercisedValue': 0, 'unexercisedValue': 0}, {'maxAge': 1, 'name': 'Mr. Denis P. Coleman III', 'age': 48, 'title': 'Chief Financial Officer', 'yearBorn': 1975, 'fiscalYear': 2023, 'totalPay': 9729147, 'exercisedValue': 0, 'unexercisedValue': 0}, {'maxAge': 1, 'name': 'Ms. Kathryn H. Ruemmler', 'age': 51, 'title': 'Chief Legal Officer, Secretary & General Counsel', 'yearBorn': 1972, 'fiscalYear': 2023, 'totalPay': 7368289, 'exercisedValue': 0, 'unexercisedValue': 0}, {'maxAge': 1, 'name': 'Mr. J. D. Gardner', 'title': 'Director', 'fiscalYear': 2023, 'exercisedValue': 0, 'unexercisedValue': 0}, {'maxAge': 1, 'name': 'Ms. Sheara J. Fredman', 'age': 47, 'title': 'Controller & Chief Accounting Officer', 'yearBorn': 1976, 'fiscalYear': 2023, 'exercisedValue': 0, 'unexercisedValue': 0}, {'maxAge': 1, 'name': 'F. X. De Mallmann', 'title': 'Chair of Investment Banking', 'fiscalYear': 2023, 'exercisedValue': 0, 'unexercisedValue': 0}, {'maxAge': 1, 'name': 'Mr. Atte  Lahtiranta', 'title': 'Partner & Chief Technology Officer', 'fiscalYear': 2023, 'exercisedValue': 0, 'unexercisedValue': 0}, {'maxAge': 1, 'name': 'Mr. Marco  Argenti', 'title': 'Partner & Chief Information Officer', 'fiscalYear': 2023, 'exercisedValue': 0, 'unexercisedValue': 0}, {'maxAge': 1, 'name': 'Ms. Carey  Halio', 'title': 'Global Treasurer, Chief Strategy Officer & Global Head of Investor Relations', 'fiscalYear': 2023, 'exercisedValue': 0, 'unexercisedValue': 0}]"
16,auditRisk,5
17,boardRisk,5
18,compensationRisk,8
19,shareHolderRightsRisk,6
20,overallRisk,6
21,governanceEpochDate,1717200000
22,compensationAsOfEpochDate,1703980800
23,maxAge,86400
24,priceHint,2
25,previousClose,453.55
26,open,451.04
27,dayLow,443.38
28,dayHigh,451.855
29,regularMarketPreviousClose,453.55
30,regularMarketOpen,451.04
31,regularMarketDayLow,443.38
32,regularMarketDayHigh,451.855
33,dividendRate,11.0
34,dividendYield,0.024300002
35,exDividendDate,1717027200
36,payoutRatio,0.41889998
37,fiveYearAvgDividendYield,2.26
38,beta,1.382
39,trailingPE,17.306973
40,forwardPE,10.862347
41,volume,1928009
42,regularMarketVolume,1928009
43,averageVolume,2316300
44,averageVolume10days,1949710
45,averageDailyVolume10Day,1949710
46,bidSize,1000
47,askSize,800
48,marketCap,143260631040
49,fiftyTwoWeekLow,289.36
50,fiftyTwoWeekHigh,471.48
51,priceToSalesTrailing12Months,3.0659726
52,fiftyDayAverage,435.3866
53,twoHundredDayAverage,375.118
54,trailingAnnualDividendRate,10.75
55,trailingAnnualDividendYield,0.023701908
56,currency,USD
57,enterpriseValue,-165099372544
58,profitMargins,0.20146999
59,floatShares,337731160
60,sharesOutstanding,322463008
61,sharesShort,6179666
62,sharesShortPriorMonth,5024679
63,sharesShortPreviousMonthDate,1713139200
64,dateShortInterest,1715731200
65,sharesPercentSharesOut,0.019199999
66,heldPercentInsiders,0.00527
67,heldPercentInstitutions,0.75141
68,shortRatio,2.36
69,shortPercentOfFloat,0.019299999
70,impliedSharesOutstanding,326112000
71,bookValue,314.474
72,priceToBook,1.41274
73,lastFiscalYearEnd,1703980800
74,nextFiscalYearEnd,1735603200
75,mostRecentQuarter,1711843200
76,earningsQuarterlyGrowth,0.278
77,netIncomeToCommon,8700999680
78,trailingEps,25.67
79,forwardEps,40.9
80,pegRatio,0.53
81,enterpriseToRevenue,-3.533
82,52WeekChange,0.34019852
83,SandP52WeekChange,0.22599876
84,lastDividendValue,2.75
85,lastDividendDate,1717027200
86,exchange,NYQ
87,quoteType,EQUITY
88,symbol,GS
89,underlyingSymbol,GS
90,shortName,"Goldman Sachs Group, Inc. (The)"
91,longName,"The Goldman Sachs Group, Inc."
92,firstTradeDateEpochUtc,925824600
93,timeZoneFullName,America/New_York
94,timeZoneShortName,EDT
95,uuid,71a75a16-7c33-358b-bb56-1764255c880a
96,messageBoardId,finmb_398625
97,gmtOffSetMilliseconds,-14400000
98,currentPrice,444.27
99,targetHighPrice,525.0
100,targetLowPrice,360.0
101,targetMeanPrice,452.19
102,targetMedianPrice,457.5
103,recommendationMean,2.2
104,recommendationKey,buy
105,numberOfAnalystOpinions,22
106,totalCash,1050186022912
107,totalCashPerShare,3090.689
108,totalDebt,722595020800
109,quickRatio,1.432
110,currentRatio,1.548
111,totalRevenue,46726000640
112,debtToEquity,607.856
113,revenuePerShare,138.222
114,returnOnAssets,0.00582
115,returnOnEquity,0.07944
116,operatingCashflow,-50028998656
117,earningsGrowth,0.318
118,revenueGrowth,0.121
119,grossMargins,0.83492994
120,operatingMargins,0.38417
121,financialCurrency,USD
122,trailingPegRatio,3.5708
