,index,0
0,address1,3000 North Sam Houston Parkway East
1,city,Houston
2,state,TX
3,zip,77032
4,country,United States
5,phone,281 871 2699
6,website,https://www.halliburton.com
7,industry,Oil & Gas Equipment & Services
8,industryKey,oil-gas-equipment-services
9,industryDisp,Oil & Gas Equipment & Services
10,sector,Energy
11,sectorKey,energy
12,sectorDisp,Energy
13,longBusinessSummary,"Halliburton Company provides products and services to the energy industry worldwide. It operates through two segments, Completion and Production, and Drilling and Evaluation. The Completion and Production segment offers production enhancement services that include stimulation and sand control services; cementing services, such as well bonding and casing, and casing equipment; and completion tools that offer downhole solutions and services, including well completion products and services, intelligent well completions, and service tools, as well as liner hanger, sand control, and multilateral systems. This segment also provides electrical submersible pumps, as well as artificial lift services; production solutions comprising coiled tubing, hydraulic workover units, downhole tools, and pumping and nitrogen services; pipeline and process services, such as pre-commissioning, commissioning, maintenance, and decommissioning; and specialty chemicals and services. The Drilling and Evaluation segment offers drilling fluid systems, performance additives, completion fluids, solids control, specialized testing equipment, and waste management services; drilling systems and services; wireline and perforating services consists of open-hole logging, and cased-hole and slickline; and drill bits and services comprising roller cone rock bits, fixed cutter bits, hole enlargement, and related downhole tools and services, as well as coring equipment and services. This segment also provides cloud based digital services and artificial intelligence solutions on an open architecture for subsurface insights, integrated well construction, and reservoir and production management; testing and subsea services, such as acquisition and analysis of reservoir information and optimization solutions; and project management and integrated asset management services. Halliburton Company was founded in 1919 and is based in Houston, Texas."
14,fullTimeEmployees,49000
15,companyOfficers,"[{'maxAge': 1, 'name': 'Mr. Jeffrey Allen Miller', 'age': 59, 'title': 'President, CEO & Chairman', 'yearBorn': 1964, 'fiscalYear': 2023, 'totalPay': 12893767, 'exercisedValue': 0, 'unexercisedValue': 806352}, {'maxAge': 1, 'name': 'Mr. Eric J. Carre', 'age': 56, 'title': 'Executive VP & CFO', 'yearBorn': 1967, 'fiscalYear': 2023, 'totalPay': 4365543, 'exercisedValue': 0, 'unexercisedValue': 251893}, {'maxAge': 1, 'name': 'Mr. Lawrence J. Pope', 'age': 55, 'title': 'Executive VP of Administration & Chief Human Resources Officer', 'yearBorn': 1968, 'fiscalYear': 2023, 'totalPay': 3999957, 'exercisedValue': 0, 'unexercisedValue': 240681}, {'maxAge': 1, 'name': 'Mr. Van H. Beckwith', 'age': 57, 'title': 'Executive VP, Secretary & Chief Legal Officer', 'yearBorn': 1966, 'fiscalYear': 2023, 'totalPay': 4187872, 'exercisedValue': 0, 'unexercisedValue': 683698}, {'maxAge': 1, 'name': 'Mr. Mark J. Richard', 'age': 61, 'title': 'President of Western Hemisphere', 'yearBorn': 1962, 'fiscalYear': 2023, 'totalPay': 5501836, 'exercisedValue': 0, 'unexercisedValue': 443524}, {'maxAge': 1, 'name': 'Mr. Charles E. Geer Jr.', 'age': 53, 'title': 'Senior VP & Chief Accounting Officer', 'yearBorn': 1970, 'fiscalYear': 2023, 'exercisedValue': 0, 'unexercisedValue': 0}, {'maxAge': 1, 'name': 'Mr. David  Coleman', 'title': 'Senior Director of Investor Relations', 'fiscalYear': 2023, 'exercisedValue': 0, 'unexercisedValue': 0}, {'maxAge': 1, 'name': 'Ms. Myrtle L. Jones', 'age': 63, 'title': 'Senior Vice President of Tax', 'yearBorn': 1960, 'fiscalYear': 2023, 'exercisedValue': 0, 'unexercisedValue': 0}, {'maxAge': 1, 'name': 'Mr. Jeffery S. Spalding', 'title': 'Senior VP & Deputy General Counsel', 'fiscalYear': 2023, 'exercisedValue': 0, 'unexercisedValue': 0}, {'maxAge': 1, 'name': 'Jill D. Sharp', 'age': 52, 'title': 'Senior Vice President of Internal Assurance Services', 'yearBorn': 1971, 'fiscalYear': 2023, 'exercisedValue': 0, 'unexercisedValue': 0}]"
16,auditRisk,7
17,boardRisk,6
18,compensationRisk,2
19,shareHolderRightsRisk,2
20,overallRisk,4
21,governanceEpochDate,1717200000
22,compensationAsOfEpochDate,1703980800
23,irWebsite,http://ir.halliburton.com/phoenix.zhtml?c=67605&p=irol-irhome
24,maxAge,86400
25,priceHint,2
26,previousClose,34.51
27,open,34.15
28,dayLow,33.87
29,dayHigh,34.51
30,regularMarketPreviousClose,34.51
31,regularMarketOpen,34.15
32,regularMarketDayLow,33.87
33,regularMarketDayHigh,34.51
34,dividendRate,0.68
35,dividendYield,0.0197
36,exDividendDate,1717545600
37,payoutRatio,0.22569999
38,fiveYearAvgDividendYield,2.16
39,beta,1.939
40,trailingPE,11.972221
41,forwardPE,8.773537
42,volume,4415361
43,regularMarketVolume,4415361
44,averageVolume,6126082
45,averageVolume10days,7224290
46,averageDailyVolume10Day,7224290
47,bidSize,1300
48,askSize,1300
49,marketCap,30525177856
50,fiftyTwoWeekLow,30.04
51,fiftyTwoWeekHigh,43.85
52,priceToSalesTrailing12Months,1.318867
53,fiftyDayAverage,37.7166
54,twoHundredDayAverage,37.7553
55,trailingAnnualDividendRate,0.65
56,trailingAnnualDividendYield,0.01883512
57,currency,USD
58,enterpriseValue,37493747712
59,profitMargins,0.11203
60,floatShares,880334712
61,sharesOutstanding,885300992
62,sharesShort,24661095
63,sharesShortPriorMonth,24853292
64,sharesShortPreviousMonthDate,1713139200
65,dateShortInterest,1715731200
66,sharesPercentSharesOut,0.0279
67,heldPercentInsiders,0.0039500003
68,heldPercentInstitutions,0.88085
69,shortRatio,4.27
70,shortPercentOfFloat,0.0373
71,impliedSharesOutstanding,885300992
72,bookValue,10.888
73,priceToBook,3.1667893
74,lastFiscalYearEnd,1703980800
75,nextFiscalYearEnd,1735603200
76,mostRecentQuarter,1711843200
77,earningsQuarterlyGrowth,-0.069
78,netIncomeToCommon,2592999936
79,trailingEps,2.88
80,forwardEps,3.93
81,pegRatio,0.72
82,lastSplitFactor,2:1
83,lastSplitDate,1153094400
84,enterpriseToRevenue,1.62
85,enterpriseToEbitda,7.333
86,52WeekChange,0.07675505
87,SandP52WeekChange,0.22599876
88,lastDividendValue,0.17
89,lastDividendDate,1717545600
90,exchange,NYQ
91,quoteType,EQUITY
92,symbol,HAL
93,underlyingSymbol,HAL
94,shortName,Halliburton Company
95,longName,Halliburton Company
96,firstTradeDateEpochUtc,76253400
97,timeZoneFullName,America/New_York
98,timeZoneShortName,EDT
99,uuid,ee465b6f-a3ae-3152-bfa4-5d36cc7180d1
100,messageBoardId,finmb_177698
101,gmtOffSetMilliseconds,-14400000
102,currentPrice,34.48
103,targetHighPrice,54.0
104,targetLowPrice,40.0
105,targetMeanPrice,48.31
106,targetMedianPrice,48.5
107,recommendationMean,1.8
108,recommendationKey,buy
109,numberOfAnalystOpinions,28
110,totalCash,1891000064
111,totalCashPerShare,2.136
112,ebitda,5112999936
113,totalDebt,8787000320
114,quickRatio,1.3
115,currentRatio,2.124
116,totalRevenue,23145000960
117,debtToEquity,90.756
118,revenuePerShare,25.853
119,returnOnAssets,0.10599
120,returnOnEquity,0.28863
121,freeCashflow,1968125056
122,operatingCashflow,3823000064
123,earningsGrowth,-0.056
124,revenueGrowth,0.022
125,grossMargins,0.19058001
126,ebitdaMargins,0.22091
127,operatingMargins,0.17006001
128,financialCurrency,USD
129,trailingPegRatio,2.4324
