,index,0
0,address1,2455 Paces Ferry Road
1,city,Atlanta
2,state,GA
3,zip,30339
4,country,United States
5,phone,770 433 8211
6,website,https://www.homedepot.com
7,industry,Home Improvement Retail
8,industryKey,home-improvement-retail
9,industryDisp,Home Improvement Retail
10,sector,Consumer Cyclical
11,sectorKey,consumer-cyclical
12,sectorDisp,Consumer Cyclical
13,longBusinessSummary,"The Home Depot, Inc. operates as a home improvement retailer in the United States and internationally. It sells various building materials, home improvement products, lawn and garden products, and décor products, as well as facilities maintenance, repair, and operations products. The company also offers installation services for flooring, water heaters, bath, garage doors, cabinets, cabinet makeovers, countertops, sheds, furnaces and central air systems, and windows. In addition, it provides tool and equipment rental services. The company primarily serves homeowners; and professional renovators/remodelers, general contractors, maintenance professionals, handymen, property managers, and building service contractors, as well as specialty tradesmen, such as electricians, plumbers, and painters. It sells its products through websites, including homedepot.com; homedepot.ca and homedepot.com.mx; blinds.com, justblinds.com, and americanblinds.com for custom window coverings; thecompanystore.com, an online site for textiles and décor products; hdsupply.com for maintenance, repair, and operations (MRO) products and related services; and The Home Depot stores. The Home Depot, Inc. was incorporated in 1978 and is headquartered in Atlanta, Georgia."
14,fullTimeEmployees,465000
15,companyOfficers,"[{'maxAge': 1, 'name': 'Mr. Edward P. Decker', 'age': 60, 'title': 'Chairman, President & CEO', 'yearBorn': 1963, 'fiscalYear': 2023, 'totalPay': 3765765, 'exercisedValue': 0, 'unexercisedValue': 26013680}, {'maxAge': 1, 'name': 'Mr. Richard V. McPhail', 'age': 52, 'title': 'Executive VP & CFO', 'yearBorn': 1971, 'fiscalYear': 2023, 'totalPay': 1674510, 'exercisedValue': 432220, 'unexercisedValue': 8938379}, {'maxAge': 1, 'name': 'Ms. Teresa Wynn Roseborough', 'age': 64, 'title': 'Executive VP, General Counsel & Corporate Secretary', 'yearBorn': 1959, 'fiscalYear': 2023, 'totalPay': 1417923, 'exercisedValue': 0, 'unexercisedValue': 5354799}, {'maxAge': 1, 'name': 'Mr. Matthew A. Carey', 'age': 58, 'title': 'Executive Vice President', 'yearBorn': 1965, 'fiscalYear': 2023, 'totalPay': 1661453, 'exercisedValue': 0, 'unexercisedValue': 9858981}, {'maxAge': 1, 'name': 'Ms. Ann-Marie  Campbell', 'age': 57, 'title': 'Senior Executive Vice President', 'yearBorn': 1966, 'fiscalYear': 2023, 'totalPay': 1816256, 'exercisedValue': 0, 'unexercisedValue': 11757976}, {'maxAge': 1, 'name': 'Mr. Haydn  Chilcott', 'title': 'Senior Vice President of Operations', 'fiscalYear': 2023, 'exercisedValue': 0, 'unexercisedValue': 0}, {'maxAge': 1, 'name': 'Ms. Kimberly R. Scardino', 'age': 52, 'title': 'SVP of Finance, Chief Accounting Officer & Controller', 'yearBorn': 1971, 'fiscalYear': 2023, 'exercisedValue': 0, 'unexercisedValue': 0}, {'maxAge': 1, 'name': 'Mr. Fahim  Siddiqui', 'age': 57, 'title': 'Executive VP & Chief Information Officer', 'yearBorn': 1966, 'fiscalYear': 2023, 'exercisedValue': 0, 'unexercisedValue': 0}, {'maxAge': 1, 'name': 'Ms. Isabel  Janci', 'title': 'VP of Investor Relations & Treasurer', 'fiscalYear': 2023, 'exercisedValue': 0, 'unexercisedValue': 0}, {'maxAge': 1, 'name': 'Sara  Gorman', 'title': 'Senior Director of Corporate Communications', 'fiscalYear': 2023, 'exercisedValue': 0, 'unexercisedValue': 0}]"
16,auditRisk,6
17,boardRisk,6
18,compensationRisk,5
19,shareHolderRightsRisk,1
20,overallRisk,2
21,governanceEpochDate,1717200000
22,compensationAsOfEpochDate,1703980800
23,irWebsite,http://phx.corporate-ir.net/phoenix.zhtml?c=63646&p=irol-irhome
24,maxAge,86400
25,priceHint,2
26,previousClose,332.56
27,open,333.0
28,dayLow,330.32
29,dayHigh,336.31
30,regularMarketPreviousClose,332.56
31,regularMarketOpen,333.0
32,regularMarketDayLow,330.32
33,regularMarketDayHigh,336.31
34,dividendRate,9.0
35,dividendYield,0.0271
36,exDividendDate,1717027200
37,payoutRatio,0.571
38,fiveYearAvgDividendYield,2.3
39,beta,1.0
40,trailingPE,22.486269
41,forwardPE,20.685152
42,volume,3200110
43,regularMarketVolume,3200110
44,averageVolume,3697811
45,averageVolume10days,3447990
46,averageDailyVolume10Day,3447990
47,bidSize,800
48,askSize,1800
49,marketCap,332904660992
50,fiftyTwoWeekLow,274.26
51,fiftyTwoWeekHigh,396.87
52,priceToSalesTrailing12Months,2.1926146
53,fiftyDayAverage,339.7266
54,twoHundredDayAverage,335.45895
55,trailingAnnualDividendRate,8.68
56,trailingAnnualDividendYield,0.026100554
57,currency,USD
58,enterpriseValue,380646719488
59,profitMargins,0.09794
60,floatShares,989690454
61,sharesOutstanding,991614016
62,sharesShort,8475714
63,sharesShortPriorMonth,9305438
64,sharesShortPreviousMonthDate,1713139200
65,dateShortInterest,1715731200
66,sharesPercentSharesOut,0.0085
67,heldPercentInsiders,0.00058
68,heldPercentInstitutions,0.72693
69,shortRatio,2.32
70,shortPercentOfFloat,0.0086
71,impliedSharesOutstanding,991614016
72,bookValue,1.835
73,priceToBook,182.95367
74,lastFiscalYearEnd,1706400000
75,nextFiscalYearEnd,1738022400
76,mostRecentQuarter,1714262400
77,earningsQuarterlyGrowth,-0.07
78,netIncomeToCommon,14869999616
79,trailingEps,14.93
80,forwardEps,16.23
81,pegRatio,6.4
82,lastSplitFactor,3:2
83,lastSplitDate,946598400
84,enterpriseToRevenue,2.507
85,enterpriseToEbitda,15.532
86,52WeekChange,0.10960591
87,SandP52WeekChange,0.22599876
88,lastDividendValue,2.25
89,lastDividendDate,1717027200
90,exchange,NYQ
91,quoteType,EQUITY
92,symbol,HD
93,underlyingSymbol,HD
94,shortName,"Home Depot, Inc. (The)"
95,longName,"The Home Depot, Inc."
96,firstTradeDateEpochUtc,370013400
97,timeZoneFullName,America/New_York
98,timeZoneShortName,EDT
99,uuid,27178471-f2c4-319c-872d-1545a0f154c7
100,messageBoardId,finmb_278679
101,gmtOffSetMilliseconds,-14400000
102,currentPrice,335.72
103,targetHighPrice,425.0
104,targetLowPrice,300.0
105,targetMeanPrice,381.2
106,targetMedianPrice,390.0
107,recommendationMean,2.3
108,recommendationKey,buy
109,numberOfAnalystOpinions,31
110,totalCash,4264000000
111,totalCashPerShare,4.3
112,ebitda,24508000256
113,totalDebt,52005998592
114,quickRatio,0.344
115,currentRatio,1.339
116,totalRevenue,151830003712
117,debtToEquity,2857.473
118,revenuePerShare,152.785
119,returnOnAssets,0.17042999
120,returnOnEquity,13.6297
121,freeCashflow,14720374784
122,operatingCashflow,21055000576
123,earningsGrowth,-0.05
124,revenueGrowth,-0.023
125,grossMargins,0.33481997
126,ebitdaMargins,0.16142
127,operatingMargins,0.13946
128,financialCurrency,USD
129,trailingPegRatio,1.8636
