,index,0
0,address1,855 South Mint Street
1,city,Charlotte
2,state,NC
3,zip,28202
4,country,United States
5,phone,704 627 6200
6,website,https://www.honeywell.com
7,industry,Conglomerates
8,industryKey,conglomerates
9,industryDisp,Conglomerates
10,sector,Industrials
11,sectorKey,industrials
12,sectorDisp,Industrials
13,longBusinessSummary,"Honeywell International Inc. engages in the aerospace technologies, building automation, energy and sustainable solutions, and industrial automation businesses in the United States, Europe, and internationally. The company's Aerospace segment offers auxiliary power units, propulsion engines, integrated avionics, environmental control and electric power systems, engine controls, flight safety, communications, navigation hardware, data and software applications, radar and surveillance systems, aircraft lighting, advanced systems and instruments, satellite and space components, and aircraft wheels and brakes; spare parts; repair, overhaul, and maintenance services; and thermal systems, as well as wireless connectivity services. Its Honeywell Building Technologies segment provides software applications for building control and optimization; sensors, switches, control systems, and instruments for energy management; access control; video surveillance; fire products; and installation, maintenance, and upgrades of systems. The company's Performance Materials and Technologies segment offers automation control, instrumentation, and software and related services; catalysts and adsorbents, equipment, and consulting; and materials to manufacture end products, such as bullet-resistant armor, nylon, computer chips, and pharmaceutical packaging, as well as provides materials based on hydrofluoro-olefin technology. Its Safety and Productivity Solutions segment provides personal protective equipment, apparel, gear, and footwear; gas detection technology; custom-engineered sensors, switches, and controls for sensing and productivity solution; cloud-based notification and emergency messaging; mobile devices and software; custom-engineered sensors, switches, and controls; and data and asset management productivity solutions. Honeywell International Inc. was founded in 1885 and is headquartered in Charlotte, North Carolina."
14,fullTimeEmployees,95000
15,auditRisk,5
16,boardRisk,5
17,compensationRisk,9
18,shareHolderRightsRisk,3
19,overallRisk,6
20,governanceEpochDate,1717200000
21,irWebsite,http://investor.honeywell.com/phoenix.zhtml?c=94774&p=irol-irhome
22,maxAge,86400
23,priceHint,2
24,previousClose,210.74
25,open,209.78
26,dayLow,207.15
27,dayHigh,209.855
28,regularMarketPreviousClose,210.74
29,regularMarketOpen,209.78
30,regularMarketDayLow,207.15
31,regularMarketDayHigh,209.855
32,dividendRate,4.32
33,dividendYield,0.020499999
34,exDividendDate,1715817600
35,payoutRatio,0.48900002
36,fiveYearAvgDividendYield,2.0
37,beta,1.027
38,trailingPE,24.301624
39,forwardPE,18.855085
40,volume,2285044
41,regularMarketVolume,2285044
42,averageVolume,2808690
43,averageVolume10days,2775050
44,averageDailyVolume10Day,2775050
45,bid,209.45
46,ask,209.52
47,bidSize,200
48,askSize,100
49,marketCap,136410439680
50,fiftyTwoWeekLow,174.88
51,fiftyTwoWeekHigh,211.06
52,priceToSalesTrailing12Months,3.6964595
53,fiftyDayAverage,199.1474
54,twoHundredDayAverage,195.5316
55,trailingAnnualDividendRate,4.22
56,trailingAnnualDividendYield,0.020024674
57,currency,USD
58,enterpriseValue,151357341696
59,profitMargins,0.15519
60,floatShares,618717403
61,sharesOutstanding,651185984
62,sharesShort,6461598
63,sharesShortPriorMonth,6926188
64,sharesShortPreviousMonthDate,1713139200
65,dateShortInterest,1715731200
66,sharesPercentSharesOut,0.0099
67,heldPercentInsiders,0.00092
68,heldPercentInstitutions,0.79679
69,shortRatio,2.26
70,shortPercentOfFloat,0.0099
71,impliedSharesOutstanding,662321024
72,bookValue,25.268
73,priceToBook,8.290328
74,lastFiscalYearEnd,1703980800
75,nextFiscalYearEnd,1735603200
76,mostRecentQuarter,1711843200
77,earningsQuarterlyGrowth,0.05
78,netIncomeToCommon,5727000064
79,trailingEps,8.62
80,forwardEps,11.11
81,pegRatio,2.27
82,lastSplitFactor,1032:1000
83,lastSplitDate,1540771200
84,enterpriseToRevenue,4.101
85,enterpriseToEbitda,16.966
86,52WeekChange,0.050967455
87,SandP52WeekChange,0.22599876
88,lastDividendValue,1.08
89,lastDividendDate,1715817600
90,exchange,NMS
91,quoteType,EQUITY
92,symbol,HON
93,underlyingSymbol,HON
94,shortName,Honeywell International Inc.
95,longName,Honeywell International Inc.
96,firstTradeDateEpochUtc,-252322200
97,timeZoneFullName,America/New_York
98,timeZoneShortName,EDT
99,uuid,b586a6a4-876a-334e-8a5d-322e18a9cb87
100,messageBoardId,finmb_1340740
101,gmtOffSetMilliseconds,-14400000
102,currentPrice,209.48
103,targetHighPrice,250.0
104,targetLowPrice,195.0
105,targetMeanPrice,222.13
106,targetMedianPrice,223.0
107,recommendationMean,2.2
108,recommendationKey,buy
109,numberOfAnalystOpinions,21
110,totalCash,12005000192
111,totalCashPerShare,18.436
112,ebitda,8920999936
113,totalDebt,26353999872
114,quickRatio,1.193
115,currentRatio,1.664
116,totalRevenue,36902998016
117,debtToEquity,154.551
118,revenuePerShare,55.988
119,returnOnAssets,0.07704
120,returnOnEquity,0.33198002
121,freeCashflow,4476250112
122,operatingCashflow,6572000256
123,earningsGrowth,0.077
124,revenueGrowth,0.027
125,grossMargins,0.37458
126,ebitdaMargins,0.24174
127,operatingMargins,0.22262
128,financialCurrency,USD
129,trailingPegRatio,2.1633
