,index,0
0,address1,One Johnson & Johnson Plaza
1,city,New Brunswick
2,state,NJ
3,zip,08933
4,country,United States
5,phone,732 524 0400
6,website,https://www.jnj.com
7,industry,Drug Manufacturers - General
8,industryKey,drug-manufacturers-general
9,industryDisp,Drug Manufacturers - General
10,sector,Healthcare
11,sectorKey,healthcare
12,sectorDisp,Healthcare
13,longBusinessSummary,"Johnson & Johnson, together with its subsidiaries, researches, develops, manufactures, and sells various products in the healthcare field worldwide. The company's Innovative Medicine segment offers products for various therapeutic areas, such as immunology, including rheumatoid arthritis, psoriatic arthritis, inflammatory bowel disease, and psoriasis; infectious diseases comprising HIV/AIDS; neuroscience, consisting of mood disorders, neurodegenerative disorders, and schizophrenia; oncology, such as prostate cancer, hematologic malignancies, lung cancer, and bladder cancer; cardiovascular and metabolism, including thrombosis, diabetes, and macular degeneration; and pulmonary hypertension comprising pulmonary arterial hypertension through retailers, wholesalers, distributors, hospitals, and healthcare professionals for prescription use. Its MedTech segment provides Interventional Solutions, including electrophysiology products to treat heart rhythm disorders; the heart recovery portfolio, which includes technologies to treat severe coronary artery disease requiring high-risk PCI or AMI cardiogenic shock; and neurovascular care that treats hemorrhagic and ischemic stroke. this segment also offers an orthopaedics portfolio that includes products and enabling technologies that support hips, knees, trauma, spine, sports, and other; surgery portfolios comprising advanced and general surgery technologies, as well as solutions for breast aesthetics, ear, nose, and throat procedures; contact lenses under the ACUVUE Brand; and TECNIS intraocular lenses for cataract surgery. It distributes its products to wholesalers, hospitals, and retailers, as well as physicians, nurses, hospitals, eye care professionals, and clinics. Johnson & Johnson was founded in 1886 and is based in New Brunswick, New Jersey."
14,fullTimeEmployees,131900
15,companyOfficers,"[{'maxAge': 1, 'name': 'Mr. Joaquin  Duato', 'age': 60, 'title': 'CEO & Chairman', 'yearBorn': 1963, 'fiscalYear': 2023, 'totalPay': 6205107, 'exercisedValue': 14985999, 'unexercisedValue': 34142040}, {'maxAge': 1, 'name': 'Mr. Joseph J. Wolk CPA', 'age': 56, 'title': 'Executive VP & CFO', 'yearBorn': 1967, 'fiscalYear': 2023, 'totalPay': 3174834, 'exercisedValue': 0, 'unexercisedValue': 4895969}, {'maxAge': 1, 'name': 'Dr. Peter M. Fasolo Ph.D.', 'age': 60, 'title': 'Executive VP & Chief Human Resources Officer', 'yearBorn': 1963, 'fiscalYear': 2023, 'totalPay': 2148436, 'exercisedValue': 0, 'unexercisedValue': 2433349}, {'maxAge': 1, 'name': 'Ms. Jennifer L. Taubert', 'age': 59, 'title': 'Executive VP & Worldwide Chairman of Innovative Medicine', 'yearBorn': 1964, 'fiscalYear': 2023, 'totalPay': 3104582, 'exercisedValue': 0, 'unexercisedValue': 15487583}, {'maxAge': 1, 'name': 'Dr. John C. Reed M.D., Ph.D.', 'age': 65, 'title': 'Executive Vice President of Innovative Medicine, R&D', 'yearBorn': 1958, 'fiscalYear': 2023, 'totalPay': 8573416, 'exercisedValue': 0, 'unexercisedValue': 0}, {'maxAge': 1, 'name': 'Mr. Robert J. Decker Jr.', 'age': 51, 'title': 'Controller & Chief Accounting Officer', 'yearBorn': 1972, 'fiscalYear': 2023, 'exercisedValue': 0, 'unexercisedValue': 0}, {'maxAge': 1, 'name': 'Mr. James  Swanson', 'age': 57, 'title': 'Executive VP & Chief Information Officer', 'yearBorn': 1966, 'fiscalYear': 2023, 'exercisedValue': 0, 'unexercisedValue': 0}, {'maxAge': 1, 'name': 'Ms. Jessica  Moore', 'title': 'Vice President of Investor Relations', 'fiscalYear': 2023, 'exercisedValue': 0, 'unexercisedValue': 0}, {'maxAge': 1, 'name': 'Mr. Dirk  Brinckman', 'title': 'Chief Compliance Officer', 'fiscalYear': 2023, 'exercisedValue': 0, 'unexercisedValue': 0}, {'maxAge': 1, 'name': 'Ms. Elizabeth  Forminard', 'age': 52, 'title': 'Executive VP & Chief Legal Officer', 'yearBorn': 1971, 'fiscalYear': 2023, 'exercisedValue': 0, 'unexercisedValue': 0}]"
16,auditRisk,7
17,boardRisk,4
18,compensationRisk,7
19,shareHolderRightsRisk,2
20,overallRisk,4
21,governanceEpochDate,1717200000
22,compensationAsOfEpochDate,1703980800
23,irWebsite,http://www.investor.jnj.com/investor-relations.cfm
24,maxAge,86400
25,priceHint,2
26,previousClose,147.13
27,open,146.81
28,dayLow,145.44
29,dayHigh,147.16
30,regularMarketPreviousClose,147.13
31,regularMarketOpen,146.81
32,regularMarketDayLow,145.44
33,regularMarketDayHigh,147.16
34,dividendRate,4.96
35,dividendYield,0.0337
36,exDividendDate,1716163200
37,payoutRatio,0.7073
38,fiveYearAvgDividendYield,2.69
39,beta,0.53
40,trailingPE,21.839285
41,forwardPE,13.43956
42,volume,5318930
43,regularMarketVolume,5318930
44,averageVolume,7698495
45,averageVolume10days,7985200
46,averageDailyVolume10Day,7985200
47,bidSize,1000
48,askSize,1100
49,marketCap,353204338688
50,fiftyTwoWeekLow,143.13
51,fiftyTwoWeekHigh,175.97
52,priceToSalesTrailing12Months,4.1239066
53,fiftyDayAverage,149.265
54,twoHundredDayAverage,155.1612
55,trailingAnnualDividendRate,4.76
56,trailingAnnualDividendYield,0.032352343
57,currency,USD
58,enterpriseValue,360618229760
59,profitMargins,0.44923002
60,floatShares,2402154626
61,sharesOutstanding,2406680064
62,sharesShort,17428317
63,sharesShortPriorMonth,16563652
64,sharesShortPreviousMonthDate,1713139200
65,dateShortInterest,1715731200
66,sharesPercentSharesOut,0.0072000003
67,heldPercentInsiders,0.00084
68,heldPercentInstitutions,0.71613
69,shortRatio,2.1
70,shortPercentOfFloat,0.0072000003
71,impliedSharesOutstanding,2406680064
72,bookValue,29.094
73,priceToBook,5.0443387
74,lastFiscalYearEnd,1703980800
75,nextFiscalYearEnd,1735603200
76,mostRecentQuarter,1711843200
77,netIncomeToCommon,17072000000
78,trailingEps,6.72
79,forwardEps,10.13
80,pegRatio,2.66
81,lastSplitFactor,2:1
82,lastSplitDate,992390400
83,enterpriseToRevenue,4.21
84,enterpriseToEbitda,11.78
85,52WeekChange,-0.089316666
86,SandP52WeekChange,0.22599876
87,lastDividendValue,1.24
88,lastDividendDate,1716163200
89,exchange,NYQ
90,quoteType,EQUITY
91,symbol,JNJ
92,underlyingSymbol,JNJ
93,shortName,Johnson & Johnson
94,longName,Johnson & Johnson
95,firstTradeDateEpochUtc,-252322200
96,timeZoneFullName,America/New_York
97,timeZoneShortName,EDT
98,uuid,73aa25b0-87c8-3616-a460-03cbef1b4753
99,messageBoardId,finmb_139677
100,gmtOffSetMilliseconds,-14400000
101,currentPrice,146.76
102,targetHighPrice,215.0
103,targetLowPrice,155.0
104,targetMeanPrice,171.95
105,targetMedianPrice,170.0
106,recommendationMean,2.3
107,recommendationKey,buy
108,numberOfAnalystOpinions,23
109,totalCash,26218000384
110,totalCashPerShare,10.894
111,ebitda,30613000192
112,totalDebt,33632000000
113,quickRatio,0.845
114,currentRatio,1.17
115,totalRevenue,85647998976
116,debtToEquity,48.032
117,revenuePerShare,34.477
118,returnOnAssets,0.08009
119,returnOnEquity,0.24235001
120,freeCashflow,24298500096
121,operatingCashflow,23190999040
122,revenueGrowth,0.023
123,grossMargins,0.69338
124,ebitdaMargins,0.35743
125,operatingMargins,0.29509002
126,financialCurrency,USD
127,trailingPegRatio,0.8812
