,index,0
0,address1,383 Madison Avenue
1,city,New York
2,state,NY
3,zip,10179
4,country,United States
5,phone,212 270 6000
6,website,https://www.jpmorganchase.com
7,industry,Banks - Diversified
8,industryKey,banks-diversified
9,industryDisp,Banks - Diversified
10,sector,Financial Services
11,sectorKey,financial-services
12,sectorDisp,Financial Services
13,longBusinessSummary,"JPMorgan Chase & Co. operates as a financial services company worldwide. It operates through four segments: Consumer & Community Banking (CCB), Corporate & Investment Bank (CIB), Commercial Banking (CB), and Asset & Wealth Management (AWM). The CCB segment offers deposit, investment and lending products, cash management, and payments and services; mortgage origination and servicing activities; residential mortgages and home equity loans; and credit cards, auto loans, leases, and travel services to consumers and small businesses through bank branches, ATMs, and digital and telephone banking. The CIB segment provides investment banking products and services, including corporate strategy and structure advisory, and equity and debt market capital-raising services, as well as loan origination and syndication; payments; and cash and derivative instruments, risk management solutions, prime brokerage, and research. This segment also offers securities services, including custody, fund accounting and administration, and securities lending products for asset managers, insurance companies, and public and private investment funds. The CB segment provides financial solutions, including lending, payments, investment banking, and asset management to small and midsized companies, local governments, nonprofit clients, and large corporations, as well as investors, developers, and owners of multifamily, office, retail, industrial, and affordable housing properties. The AWM segment offers multi-asset investment management solutions in equities, fixed income, alternatives, and money market funds to institutional clients and retail investors; and retirement products and services, brokerage, custody, estate planning, lending, deposits, and investment management products to high net worth clients. JPMorgan Chase & Co. was founded in 1799 and is headquartered in New York, New York."
14,fullTimeEmployees,311921
15,companyOfficers,"[{'maxAge': 1, 'name': 'Mr. James  Dimon', 'age': 67, 'title': 'Chairman & CEO', 'yearBorn': 1956, 'fiscalYear': 2023, 'totalPay': 7053595, 'exercisedValue': 0, 'unexercisedValue': 0}, {'maxAge': 1, 'name': 'Mr. Daniel Eduardo Pinto', 'age': 60, 'title': 'President & COO', 'yearBorn': 1963, 'fiscalYear': 2023, 'totalPay': 6597037, 'exercisedValue': 0, 'unexercisedValue': 0}, {'maxAge': 1, 'name': 'Mr. Jeremy  Barnum', 'age': 50, 'title': 'Executive VP & CFO', 'yearBorn': 1973, 'fiscalYear': 2023, 'totalPay': 6455000, 'exercisedValue': 0, 'unexercisedValue': 0}, {'maxAge': 1, 'name': 'Ms. Mary Callahan Erdoes', 'age': 56, 'title': 'Chief Executive Officer of Asset & Wealth Management and Executive VP', 'yearBorn': 1967, 'fiscalYear': 2023, 'totalPay': 11255000, 'exercisedValue': 0, 'unexercisedValue': 0}, {'maxAge': 1, 'name': 'Ms. Marianne  Lake', 'age': 53, 'title': 'Chief Executive Officer of Consumer & Community Banking', 'yearBorn': 1970, 'fiscalYear': 2023, 'totalPay': 7925015, 'exercisedValue': 0, 'unexercisedValue': 0}, {'maxAge': 1, 'name': 'Ms. Jennifer A. Piepszak', 'age': 52, 'title': 'Co-Chief Executive Officer of Commercial & Investment Bank', 'yearBorn': 1971, 'fiscalYear': 2023, 'totalPay': 7855000, 'exercisedValue': 0, 'unexercisedValue': 0}, {'maxAge': 1, 'name': 'Ms. Elena A. Korablina', 'age': 49, 'title': 'MD, Firmwide Controller & Principal Accounting Officer', 'yearBorn': 1974, 'fiscalYear': 2023, 'exercisedValue': 0, 'unexercisedValue': 0}]"
16,auditRisk,8
17,boardRisk,6
18,compensationRisk,7
19,shareHolderRightsRisk,3
20,overallRisk,5
21,governanceEpochDate,1717200000
22,compensationAsOfEpochDate,1703980800
23,irWebsite,http://investor.shareholder.com/jpmorganchase/
24,maxAge,86400
25,priceHint,2
26,previousClose,199.61
27,open,197.91
28,dayLow,193.6
29,dayHigh,197.94
30,regularMarketPreviousClose,199.61
31,regularMarketOpen,197.91
32,regularMarketDayLow,193.6
33,regularMarketDayHigh,197.94
34,dividendRate,4.6
35,dividendYield,0.023
36,exDividendDate,1720137600
37,payoutRatio,0.2565
38,fiveYearAvgDividendYield,2.82
39,beta,1.11
40,trailingPE,11.729632
41,forwardPE,11.729632
42,volume,8955340
43,regularMarketVolume,8955340
44,averageVolume,9295908
45,averageVolume10days,7659800
46,averageDailyVolume10Day,7659800
47,bidSize,800
48,askSize,4000
49,marketCap,558137802752
50,fiftyTwoWeekLow,135.19
51,fiftyTwoWeekHigh,205.88
52,priceToSalesTrailing12Months,3.720894
53,fiftyDayAverage,195.2096
54,twoHundredDayAverage,170.6436
55,trailingAnnualDividendRate,4.25
56,trailingAnnualDividendYield,0.021291519
57,currency,USD
58,enterpriseValue,-197995626496
59,profitMargins,0.33566
60,floatShares,2855988572
61,sharesOutstanding,2871670016
62,sharesShort,20211078
63,sharesShortPriorMonth,19887829
64,sharesShortPreviousMonthDate,1713139200
65,dateShortInterest,1715731200
66,sharesPercentSharesOut,0.0069999998
67,heldPercentInsiders,0.00453
68,heldPercentInstitutions,0.73573995
69,shortRatio,2.24
70,shortPercentOfFloat,0.0070999996
71,impliedSharesOutstanding,2871670016
72,bookValue,106.815
73,priceToBook,1.8195946
74,lastFiscalYearEnd,1703980800
75,nextFiscalYearEnd,1735603200
76,mostRecentQuarter,1711843200
77,earningsQuarterlyGrowth,0.063
78,netIncomeToCommon,48509001728
79,trailingEps,16.57
80,forwardEps,15.37
81,pegRatio,10.0
82,lastSplitFactor,3:2
83,lastSplitDate,960768000
84,enterpriseToRevenue,-1.32
85,52WeekChange,0.41077113
86,SandP52WeekChange,0.22599876
87,lastDividendValue,1.15
88,lastDividendDate,1712188800
89,exchange,NYQ
90,quoteType,EQUITY
91,symbol,JPM
92,underlyingSymbol,JPM
93,shortName,JP Morgan Chase & Co.
94,longName,JPMorgan Chase & Co.
95,firstTradeDateEpochUtc,322151400
96,timeZoneFullName,America/New_York
97,timeZoneShortName,EDT
98,uuid,bc753df4-b894-3e19-9c58-995ef66d8e67
99,messageBoardId,finmb_658776
100,gmtOffSetMilliseconds,-14400000
101,currentPrice,194.36
102,targetHighPrice,230.0
103,targetLowPrice,157.7
104,targetMeanPrice,208.05
105,targetMedianPrice,213.5
106,recommendationMean,2.0
107,recommendationKey,buy
108,numberOfAnalystOpinions,26
109,totalCash,1626683998208
110,totalCashPerShare,566.46
111,totalDebt,840650981376
112,totalRevenue,150000992256
113,revenuePerShare,51.308
114,returnOnAssets,0.01285
115,returnOnEquity,0.15741
116,operatingCashflow,-29942999040
117,earningsGrowth,0.083
118,revenueGrowth,0.111
119,operatingMargins,0.45218
120,financialCurrency,USD
121,trailingPegRatio,
