,index,0
0,address1,One PPG Place
1,city,Pittsburgh
2,state,PA
3,zip,15222
4,country,United States
5,phone,412 456 5700
6,website,https://www.kraftheinzcompany.com
7,industry,Packaged Foods
8,industryKey,packaged-foods
9,industryDisp,Packaged Foods
10,sector,Consumer Defensive
11,sectorKey,consumer-defensive
12,sectorDisp,Consumer Defensive
13,longBusinessSummary,"The Kraft Heinz Company, together with its subsidiaries, manufactures and markets food and beverage products in North America and internationally. Its products include condiments and sauces, cheese and dairy products, meals, meats, refreshment beverages, coffee, and other grocery products under the Kraft, Oscar Mayer, Heinz, Philadelphia, Lunchables, Velveeta, Ore-Ida, Maxwell House, Kool-Aid, Jell-O, Heinz, ABC, Master, Quero, Kraft, Golden Circle, Wattie's, Pudliszki, and Plasmon brands. It sells its products through its own sales organizations, as well as through independent brokers, agents, and distributors to chain, wholesale, cooperative, and independent grocery accounts; convenience, value, and club stores; pharmacies and drug stores; mass merchants; foodservice distributors; institutions, including hotels, restaurants, bakeries, hospitals, health care facilities, and government agencies; and online through various e-commerce platforms and retailers. The company was formerly known as H.J. Heinz Holding Corporation and changed its name to The Kraft Heinz Company in July 2015. The Kraft Heinz Company was founded in 1869 and is based in Pittsburgh, Pennsylvania."
14,fullTimeEmployees,36000
15,companyOfficers,"[{'maxAge': 1, 'name': 'Mr. Carlos A. Abrams-Rivera', 'age': 55, 'title': 'CEO & Director', 'yearBorn': 1968, 'fiscalYear': 2023, 'totalPay': 3545399, 'exercisedValue': 0, 'unexercisedValue': 539120}, {'maxAge': 1, 'name': 'Mr. Andre  Maciel', 'age': 48, 'title': 'Executive VP & Global CFO', 'yearBorn': 1975, 'fiscalYear': 2023, 'totalPay': 2543539, 'exercisedValue': 0, 'unexercisedValue': 455337}, {'maxAge': 1, 'name': 'Ms. Rashida K. La Lande', 'age': 48, 'title': 'Executive VP and Chief Legal & Corporate Affairs Officer', 'yearBorn': 1975, 'fiscalYear': 2023, 'totalPay': 2091256, 'exercisedValue': 0, 'unexercisedValue': 0}, {'maxAge': 1, 'name': 'Mr. Rafael  de Oliveira', 'age': 48, 'title': 'Executive VP & Zone President of International Markets', 'yearBorn': 1975, 'fiscalYear': 2023, 'totalPay': 2899447, 'exercisedValue': 0, 'unexercisedValue': 1734552}, {'maxAge': 1, 'name': 'Mr. Chris  Asher', 'age': 42, 'title': 'Acting Principal Accounting Officer & Deputy Global Controller', 'yearBorn': 1981, 'fiscalYear': 2023, 'exercisedValue': 0, 'unexercisedValue': 0}, {'maxAge': 1, 'name': 'Ms. Anne-Marie  Megela', 'title': 'VP & Global Head of Investor Relations', 'fiscalYear': 2023, 'exercisedValue': 0, 'unexercisedValue': 0}, {'maxAge': 1, 'name': 'Ms. Kathy  Krenger', 'age': 55, 'title': 'Senior VP & Chief Communications Officer', 'yearBorn': 1968, 'fiscalYear': 2023, 'exercisedValue': 0, 'unexercisedValue': 0}, {'maxAge': 1, 'name': 'Mr. Peter  Hall', 'title': 'Vice President of Sales', 'fiscalYear': 2023, 'exercisedValue': 0, 'unexercisedValue': 0}, {'maxAge': 1, 'name': 'Ms. Melissa Alves Werneck', 'age': 50, 'title': 'Executive VP & Global Chief People Officer', 'yearBorn': 1973, 'fiscalYear': 2023, 'exercisedValue': 0, 'unexercisedValue': 0}, {'maxAge': 1, 'name': 'Mr. Eduardo Machado de Carvalho Pelleissone', 'age': 49, 'title': 'Executive Vice President of Operations', 'yearBorn': 1974, 'fiscalYear': 2023, 'totalPay': 2043365, 'exercisedValue': 0, 'unexercisedValue': 0}]"
16,auditRisk,7
17,boardRisk,6
18,compensationRisk,3
19,shareHolderRightsRisk,3
20,overallRisk,4
21,governanceEpochDate,1717200000
22,compensationAsOfEpochDate,1703980800
23,maxAge,86400
24,priceHint,2
25,previousClose,33.55
26,open,33.39
27,dayLow,33.2101
28,dayHigh,33.775
29,regularMarketPreviousClose,33.55
30,regularMarketOpen,33.39
31,regularMarketDayLow,33.2101
32,regularMarketDayHigh,33.775
33,dividendRate,1.6
34,dividendYield,0.0477
35,exDividendDate,1717632000
36,payoutRatio,0.6987
37,fiveYearAvgDividendYield,4.7
38,beta,0.563
39,trailingPE,14.6943245
40,forwardPE,10.54859
41,volume,5738491
42,regularMarketVolume,5738491
43,averageVolume,7715579
44,averageVolume10days,8780750
45,averageDailyVolume10Day,8780750
46,bid,33.63
47,ask,33.66
48,bidSize,1400
49,askSize,1500
50,marketCap,40861196288
51,fiftyTwoWeekLow,30.68
52,fiftyTwoWeekHigh,38.96
53,priceToSalesTrailing12Months,1.5383328
54,fiftyDayAverage,36.3932
55,twoHundredDayAverage,35.253
56,trailingAnnualDividendRate,1.6
57,trailingAnnualDividendYield,0.047690015
58,currency,USD
59,enterpriseValue,59946135552
60,profitMargins,0.10617
61,floatShares,884033362
62,sharesOutstanding,1214300032
63,sharesShort,21155747
64,sharesShortPriorMonth,23475068
65,sharesShortPreviousMonthDate,1713139200
66,dateShortInterest,1715731200
67,sharesPercentSharesOut,0.0174
68,heldPercentInsiders,0.27075002
69,heldPercentInstitutions,0.55039
70,shortRatio,2.77
71,shortPercentOfFloat,0.0239
72,impliedSharesOutstanding,1214300032
73,bookValue,40.792
74,priceToBook,0.8249167
75,lastFiscalYearEnd,1703894400
76,nextFiscalYearEnd,1735516800
77,mostRecentQuarter,1711756800
78,earningsQuarterlyGrowth,-0.042
79,netIncomeToCommon,2820000000
80,trailingEps,2.29
81,forwardEps,2.96
82,pegRatio,2.73
83,enterpriseToRevenue,2.257
84,enterpriseToEbitda,9.294
85,52WeekChange,-0.08508319
86,SandP52WeekChange,0.22599876
87,lastDividendValue,0.4
88,lastDividendDate,1717632000
89,exchange,NMS
90,quoteType,EQUITY
91,symbol,KHC
92,underlyingSymbol,KHC
93,shortName,The Kraft Heinz Company
94,longName,The Kraft Heinz Company
95,firstTradeDateEpochUtc,1436189400
96,timeZoneFullName,America/New_York
97,timeZoneShortName,EDT
98,uuid,aa94f7c2-b9a7-3327-84d9-2c52fccdd6df
99,messageBoardId,finmb_278212
100,gmtOffSetMilliseconds,-14400000
101,currentPrice,33.65
102,targetHighPrice,46.0
103,targetLowPrice,32.0
104,targetMeanPrice,39.48
105,targetMedianPrice,40.5
106,recommendationMean,2.4
107,recommendationKey,buy
108,numberOfAnalystOpinions,20
109,totalCash,1626000000
110,totalCashPerShare,1.339
111,ebitda,6449999872
112,totalDebt,20544999424
113,quickRatio,0.507
114,currentRatio,1.087
115,totalRevenue,26562000896
116,debtToEquity,41.348
117,revenuePerShare,21.701
118,returnOnAssets,0.03779
119,returnOnEquity,0.056799997
120,freeCashflow,2620000000
121,operatingCashflow,4260999936
122,earningsGrowth,-0.03
123,revenueGrowth,-0.012
124,grossMargins,0.3429
125,ebitdaMargins,0.24283001
126,operatingMargins,0.20777
127,financialCurrency,USD
128,trailingPegRatio,0.9483
