,index,0
0,address1,One Coca-Cola Plaza
1,city,Atlanta
2,state,GA
3,zip,30313
4,country,United States
5,phone,404 676 2121
6,website,https://www.coca-colacompany.com
7,industry,Beverages - Non-Alcoholic
8,industryKey,beverages-non-alcoholic
9,industryDisp,Beverages - Non - Alcoholic
10,sector,Consumer Defensive
11,sectorKey,consumer-defensive
12,sectorDisp,Consumer Defensive
13,longBusinessSummary,"The Coca-Cola Company, a beverage company, manufactures, markets, and sells various nonalcoholic beverages worldwide. The company provides sparkling soft drinks, sparkling flavors; water, sports, coffee, and tea; juice, value-added dairy, and plant-based beverages; and other beverages. It also offers beverage concentrates and syrups, as well as fountain syrups to fountain retailers, such as restaurants and convenience stores. The company sells its products under the Coca-Cola, Diet Coke/Coca-Cola Light, Coca-Cola Zero Sugar, caffeine free Diet Coke, Cherry Coke, Fanta Orange, Fanta Zero Orange, Fanta Zero Sugar, Fanta Apple, Sprite, Sprite Zero Sugar, Simply Orange, Simply Apple, Simply Grapefruit, Fresca, Schweppes, Thums Up, Aquarius, Ayataka, BODYARMOR, Ciel, Costa, Dasani, dogadan, FUZE TEA, Georgia, glacéau smartwater, glacéau vitaminwater, Gold Peak, Ice Dew, I LOHAS, Powerade, Topo Chico, AdeS, Del Valle, fairlife, innocent, Minute Maid, and Minute Maid Pulpy brands. It operates through a network of independent bottling partners, distributors, wholesalers, and retailers, as well as through bottling and distribution operators. The company was founded in 1886 and is headquartered in Atlanta, Georgia."
14,fullTimeEmployees,79100
15,companyOfficers,"[{'maxAge': 1, 'name': 'Mr. James Robert B. Quincey', 'age': 58, 'title': 'Chairman & CEO', 'yearBorn': 1965, 'fiscalYear': 2023, 'totalPay': 8305056, 'exercisedValue': 8093571, 'unexercisedValue': 28561432}, {'maxAge': 1, 'name': 'Mr. John  Murphy', 'age': 61, 'title': 'President & CFO', 'yearBorn': 1962, 'fiscalYear': 2023, 'totalPay': 4366140, 'exercisedValue': 3890558, 'unexercisedValue': 8965029}, {'maxAge': 1, 'name': 'Mr. Manuel Arroyo Prieto', 'age': 56, 'title': 'Executive VP & Global chief Marketing Officer', 'yearBorn': 1967, 'fiscalYear': 2023, 'totalPay': 2930594, 'exercisedValue': 0, 'unexercisedValue': 3166390}, {'maxAge': 1, 'name': 'Mr. Henrique  Braun', 'age': 55, 'title': 'Executive VP & President of International Development', 'yearBorn': 1968, 'fiscalYear': 2023, 'totalPay': 3608946, 'exercisedValue': 1041552, 'unexercisedValue': 4121619}, {'maxAge': 1, 'name': 'Ms. Jennifer Kay Mann', 'age': 51, 'title': 'Executive VP & President of North America Operating Unit', 'yearBorn': 1972, 'fiscalYear': 2023, 'totalPay': 2094554, 'exercisedValue': 0, 'unexercisedValue': 3378083}, {'maxAge': 1, 'name': 'Ms. Erin  May', 'age': 44, 'title': 'Senior VP, Chief Accounting Officer & Controller', 'yearBorn': 1979, 'fiscalYear': 2023, 'exercisedValue': 0, 'unexercisedValue': 0}, {'maxAge': 1, 'name': 'Ms. Stacy Lynn  Apter', 'age': 57, 'title': 'Senior VP, Treasurer & Head of Corporate Finance', 'yearBorn': 1966, 'fiscalYear': 2023, 'exercisedValue': 0, 'unexercisedValue': 0}, {'maxAge': 1, 'name': 'Ms. Nancy W. Quan', 'age': 57, 'title': 'Executive VP and Global Chief Technical & Innovation Officer', 'yearBorn': 1966, 'fiscalYear': 2023, 'exercisedValue': 0, 'unexercisedValue': 0}, {'maxAge': 1, 'name': 'Mr. Neeraj  Tolmare', 'age': 49, 'title': 'Senior VP & Chief Information Officer', 'yearBorn': 1974, 'fiscalYear': 2023, 'exercisedValue': 0, 'unexercisedValue': 0}, {'maxAge': 1, 'name': 'Ms. Robin  Halpern', 'title': 'VP & Head of Investor Relations', 'fiscalYear': 2023, 'exercisedValue': 0, 'unexercisedValue': 0}]"
16,auditRisk,2
17,boardRisk,7
18,compensationRisk,1
19,shareHolderRightsRisk,4
20,overallRisk,2
21,governanceEpochDate,1717200000
22,compensationAsOfEpochDate,1703980800
23,irWebsite,http://www.coca-colacompany.com/investors/
24,maxAge,86400
25,priceHint,2
26,previousClose,63.59
27,open,63.59
28,dayLow,63.07
29,dayHigh,63.645
30,regularMarketPreviousClose,63.59
31,regularMarketOpen,63.59
32,regularMarketDayLow,63.07
33,regularMarketDayHigh,63.645
34,dividendRate,1.94
35,dividendYield,0.0305
36,exDividendDate,1718323200
37,payoutRatio,0.749
38,fiveYearAvgDividendYield,3.03
39,beta,0.593
40,trailingPE,25.522087
41,forwardPE,21.112957
42,volume,8388086
43,regularMarketVolume,8388086
44,averageVolume,12777920
45,averageVolume10days,11822800
46,averageDailyVolume10Day,11822800
47,bidSize,2900
48,askSize,1200
49,marketCap,273770840064
50,fiftyTwoWeekLow,51.55
51,fiftyTwoWeekHigh,64.36
52,priceToSalesTrailing12Months,5.9419813
53,fiftyDayAverage,61.5634
54,twoHundredDayAverage,59.19835
55,trailingAnnualDividendRate,1.865
56,trailingAnnualDividendYield,0.02932851
57,currency,USD
58,enterpriseValue,302135574528
59,profitMargins,0.23406
60,floatShares,3874402685
61,sharesOutstanding,4307959808
62,sharesShort,31915734
63,sharesShortPriorMonth,23633021
64,sharesShortPreviousMonthDate,1713139200
65,dateShortInterest,1715731200
66,sharesPercentSharesOut,0.0074
67,heldPercentInsiders,0.09952
68,heldPercentInstitutions,0.63251
69,shortRatio,2.46
70,shortPercentOfFloat,0.0075
71,impliedSharesOutstanding,4307959808
72,bookValue,6.135
73,priceToBook,10.358598
74,lastFiscalYearEnd,1703980800
75,nextFiscalYearEnd,1735603200
76,mostRecentQuarter,1711670400
77,earningsQuarterlyGrowth,0.023
78,netIncomeToCommon,10784000000
79,trailingEps,2.49
80,forwardEps,2.8
81,pegRatio,3.73
82,lastSplitFactor,2:1
83,lastSplitDate,1344816000
84,enterpriseToRevenue,6.558
85,enterpriseToEbitda,20.617
86,52WeekChange,0.044857025
87,SandP52WeekChange,0.22599876
88,lastDividendValue,0.485
89,lastDividendDate,1710374400
90,exchange,NYQ
91,quoteType,EQUITY
92,symbol,KO
93,underlyingSymbol,KO
94,shortName,Coca-Cola Company (The)
95,longName,The Coca-Cola Company
96,firstTradeDateEpochUtc,-252322200
97,timeZoneFullName,America/New_York
98,timeZoneShortName,EDT
99,uuid,5fed318f-9c85-3ad1-b311-20392472c25a
100,messageBoardId,finmb_26642
101,gmtOffSetMilliseconds,-14400000
102,currentPrice,63.55
103,targetHighPrice,74.0
104,targetLowPrice,60.0
105,targetMeanPrice,67.52
106,targetMedianPrice,68.0
107,recommendationMean,2.0
108,recommendationKey,buy
109,numberOfAnalystOpinions,23
110,totalCash,16919000064
111,totalCashPerShare,3.927
112,ebitda,14654999552
113,totalDebt,43767001088
114,quickRatio,0.746
115,currentRatio,1.039
116,totalRevenue,46073999360
117,debtToEquity,156.613
118,revenuePerShare,10.668
119,returnOnAssets,0.08607
120,returnOnEquity,0.39314997
121,freeCashflow,10807749632
122,operatingCashflow,11966999552
123,earningsGrowth,0.026
124,revenueGrowth,0.029
125,grossMargins,0.59981996
126,ebitdaMargins,0.31808
127,operatingMargins,0.32965
128,financialCurrency,USD
129,trailingPegRatio,2.891
