,index,0
0,address1,Lilly Corporate Center
1,city,Indianapolis
2,state,IN
3,zip,46285
4,country,United States
5,phone,317 276 2000
6,website,https://www.lilly.com
7,industry,Drug Manufacturers - General
8,industryKey,drug-manufacturers-general
9,industryDisp,Drug Manufacturers - General
10,sector,Healthcare
11,sectorKey,healthcare
12,sectorDisp,Healthcare
13,longBusinessSummary,"Eli Lilly and Company discovers, develops, and markets human pharmaceuticals worldwide. The company offers Basaglar, Humalog, Humalog Mix 75/25, Humalog U-100, Humalog U-200, Humalog Mix 50/50, insulin lispro, insulin lispro protamine, insulin lispro mix 75/25, Humulin, Humulin 70/30, Humulin N, Humulin R, and Humulin U-500 for diabetes; Jardiance, Mounjaro, and Trulicity for type 2 diabetes; and Zepbound for obesity. It also provides oncology products, including Alimta, Cyramza, Erbitux, Jaypirca, Retevmo, Tyvyt, and Verzenio. In addition, the company offers Olumiant for rheumatoid arthritis, atopic dermatitis, severe alopecia areata, and COVID-19; Taltz for plaque psoriasis, psoriatic arthritis, ankylosing spondylitis, and non-radiographic axial spondylarthritis; Omvoh for ulcerative colitis; Cymbalta for depressive disorder, diabetic peripheral neuropathic pain, generalized anxiety disorder, fibromyalgia, and chronic musculoskeletal pain; Ebglyss for severe atopic dermatitis; and Emgality for migraine prevention and episodic cluster headache. Further, it provides Cialis for erectile dysfunction and benign prostatic hyperplasia; and Forteo for osteoporosis. It has collaborations with Incyte Corporation; Boehringer Ingelheim Pharmaceuticals, Inc.; F. Hoffmann-La Roche Ltd and Genentech, Inc.; Biologics, Inc., AbCellera Biologics Inc.; and Chugai Pharmaceutical Co., Ltd. The company was founded in 1876 and is headquartered in Indianapolis, Indiana."
14,fullTimeEmployees,43000
15,companyOfficers,"[{'maxAge': 1, 'name': 'Mr. David A. Ricks', 'age': 55, 'title': 'Chairman, CEO & President', 'yearBorn': 1968, 'fiscalYear': 2023, 'totalPay': 6285660, 'exercisedValue': 0, 'unexercisedValue': 0}, {'maxAge': 1, 'name': 'Ms. Anat  Ashkenazi', 'age': 50, 'title': 'Executive VP & CFO', 'yearBorn': 1973, 'fiscalYear': 2023, 'totalPay': 2958307, 'exercisedValue': 0, 'unexercisedValue': 0}, {'maxAge': 1, 'name': 'Dr. Daniel M. Skovronsky M.D., Ph.D.', 'age': 49, 'title': 'EVP, Chief Scientific Officer and President of Lilly Research Laboratories & Lilly immunology', 'yearBorn': 1974, 'fiscalYear': 2023, 'totalPay': 3819307, 'exercisedValue': 0, 'unexercisedValue': 0}, {'maxAge': 1, 'name': 'Ms. Anat  Hakim J.D.', 'age': 54, 'title': 'Executive VP, General Counsel & Secretary', 'yearBorn': 1969, 'fiscalYear': 2023, 'totalPay': 2814807, 'exercisedValue': 0, 'unexercisedValue': 0}, {'maxAge': 1, 'name': 'Mr. Jacob S. Van Naarden', 'age': 38, 'title': 'Executive VP & President of Loxo', 'yearBorn': 1985, 'fiscalYear': 2023, 'totalPay': 2384307, 'exercisedValue': 0, 'unexercisedValue': 0}, {'maxAge': 1, 'name': 'Mr. Donald A. Zakrowski', 'title': 'Senior VP of Finance & Chief Accounting Officer', 'fiscalYear': 2023, 'exercisedValue': 0, 'unexercisedValue': 0}, {'maxAge': 1, 'name': 'Mr. Diogo  Rau', 'age': 48, 'title': 'EVP & Chief Information and Digital Officer', 'yearBorn': 1975, 'fiscalYear': 2023, 'totalPay': 1056809, 'exercisedValue': 0, 'unexercisedValue': 0}, {'maxAge': 1, 'name': 'Mr. Alonzo  Weems', 'age': 52, 'title': 'EVP of Enterprise Risk Management and Chief Ethics & Compliance Officer', 'yearBorn': 1971, 'fiscalYear': 2023, 'exercisedValue': 0, 'unexercisedValue': 0}, {'maxAge': 1, 'name': 'Mr. Eric  Dozier', 'age': 55, 'title': 'Executive Vice President of Human Resources & Diversity', 'yearBorn': 1968, 'fiscalYear': 2023, 'exercisedValue': 0, 'unexercisedValue': 0}, {'maxAge': 1, 'name': 'Mr. Jeffrey N. Simmons', 'age': 56, 'title': 'Senior VP & President of Elanco Animal Health', 'yearBorn': 1967, 'fiscalYear': 2023, 'totalPay': 1729146, 'exercisedValue': 0, 'unexercisedValue': 0}]"
16,auditRisk,4
17,boardRisk,4
18,compensationRisk,1
19,shareHolderRightsRisk,9
20,overallRisk,5
21,governanceEpochDate,1717200000
22,compensationAsOfEpochDate,1703980800
23,irWebsite,http://investor.lilly.com/
24,maxAge,86400
25,priceHint,2
26,previousClose,865.0
27,open,882.14
28,dayLow,852.23
29,dayHigh,882.14
30,regularMarketPreviousClose,865.0
31,regularMarketOpen,882.14
32,regularMarketDayLow,852.23
33,regularMarketDayHigh,882.14
34,dividendRate,5.2
35,dividendYield,0.006
36,exDividendDate,1715731200
37,payoutRatio,0.6907
38,fiveYearAvgDividendYield,1.4
39,beta,0.363
40,trailingPE,128.26964
41,forwardPE,44.907677
42,volume,4035931
43,regularMarketVolume,4035931
44,averageVolume,2595912
45,averageVolume10days,2579870
46,averageDailyVolume10Day,2579870
47,bidSize,2200
48,askSize,1200
49,marketCap,822879649792
50,fiftyTwoWeekLow,434.34
51,fiftyTwoWeekHigh,882.14
52,priceToSalesTrailing12Months,22.900963
53,fiftyDayAverage,776.8648
54,twoHundredDayAverage,668.4301
55,trailingAnnualDividendRate,4.69
56,trailingAnnualDividendYield,0.0054219654
57,currency,USD
58,enterpriseValue,803368206336
59,profitMargins,0.17083
60,floatShares,898190389
61,sharesOutstanding,950404992
62,sharesShort,5400466
63,sharesShortPriorMonth,5535865
64,sharesShortPreviousMonthDate,1713139200
65,dateShortInterest,1715731200
66,sharesPercentSharesOut,0.0057
67,heldPercentInsiders,0.00164
68,heldPercentInstitutions,0.83798
69,shortRatio,1.91
70,shortPercentOfFloat,0.0064
71,impliedSharesOutstanding,950404992
72,bookValue,14.229
73,priceToBook,60.848972
74,lastFiscalYearEnd,1703980800
75,nextFiscalYearEnd,1735603200
76,mostRecentQuarter,1711843200
77,earningsQuarterlyGrowth,0.668
78,netIncomeToCommon,6138399744
79,trailingEps,6.75
80,forwardEps,19.28
81,pegRatio,1.0
82,lastSplitFactor,2:1
83,lastSplitDate,876960000
84,enterpriseToRevenue,22.358
85,enterpriseToEbitda,60.071
86,52WeekChange,0.9320111
87,SandP52WeekChange,0.22599876
88,lastDividendValue,1.3
89,lastDividendDate,1715731200
90,exchange,NYQ
91,quoteType,EQUITY
92,symbol,LLY
93,underlyingSymbol,LLY
94,shortName,Eli Lilly and Company
95,longName,Eli Lilly and Company
96,firstTradeDateEpochUtc,76253400
97,timeZoneFullName,America/New_York
98,timeZoneShortName,EDT
99,uuid,7b37be39-dfde-3602-b0e4-4d76cf52143b
100,messageBoardId,finmb_285467
101,gmtOffSetMilliseconds,-14400000
102,currentPrice,865.82
103,targetHighPrice,1023.0
104,targetLowPrice,600.0
105,targetMeanPrice,862.31
106,targetMedianPrice,875.0
107,recommendationMean,2.0
108,recommendationKey,buy
109,numberOfAnalystOpinions,25
110,totalCash,2652499968
111,totalCashPerShare,2.946
112,ebitda,13373700096
113,totalDebt,26346500096
114,quickRatio,0.674
115,currentRatio,1.354
116,totalRevenue,35932098560
117,debtToEquity,204.278
118,revenuePerShare,39.919
119,returnOnAssets,0.12604
120,returnOnEquity,0.50747
121,freeCashflow,-1232225024
122,operatingCashflow,3675500032
123,earningsGrowth,0.664
124,revenueGrowth,0.26
125,grossMargins,0.80160004
126,ebitdaMargins,0.37219003
127,operatingMargins,0.312
128,financialCurrency,USD
129,trailingPegRatio,2.5572
