,index,0
0,address1,6801 Rockledge Drive
1,city,Bethesda
2,state,MD
3,zip,20817
4,country,United States
5,phone,301 897 6000
6,website,https://www.lockheedmartin.com
7,industry,Aerospace & Defense
8,industryKey,aerospace-defense
9,industryDisp,Aerospace & Defense
10,sector,Industrials
11,sectorKey,industrials
12,sectorDisp,Industrials
13,longBusinessSummary,"Lockheed Martin Corporation, a security and aerospace company, engages in the research, design, development, manufacture, integration, and sustainment of technology systems, products, and services worldwide. The company operates through Aeronautics, Missiles and Fire Control, Rotary and Mission Systems, and Space segments. The Aeronautics segment offers combat and air mobility aircraft, unmanned air vehicles, and related technologies. The Missiles and Fire Control segment provides air and missile defense systems; tactical missiles and air-to-ground precision strike weapon systems; logistics; fire control systems; mission operations support, readiness, engineering support, and integration services; manned and unmanned ground vehicles; and energy management solutions. The Rotary and Mission Systems segment offers military and commercial helicopters, surface ships, sea and land-based missile defense systems, radar systems, sea and air-based mission and combat systems, command and control mission solutions, cyber solutions, and simulation and training solutions. The Space segment offers satellites; space transportation systems; strategic, advanced strike, and defensive systems; and classified systems and services in support of national security systems. This segment also provides network-enabled situational awareness and integrates space and ground global systems to help its customers gather, analyze, and securely distribute critical intelligence data. It serves primarily serves the U.S. government, as well as foreign military sales contracted through the U.S. government. The company was founded in 1912 and is based in Bethesda, Maryland."
14,fullTimeEmployees,122000
15,companyOfficers,"[{'maxAge': 1, 'name': 'Mr. James D. Taiclet Jr.', 'age': 62, 'title': 'Chairman, President & CEO', 'yearBorn': 1961, 'fiscalYear': 2023, 'totalPay': 9805094, 'exercisedValue': 0, 'unexercisedValue': 0}, {'maxAge': 1, 'name': 'Mr. Jesus  Malave Jr.', 'age': 54, 'title': 'Chief Financial Officer', 'yearBorn': 1969, 'fiscalYear': 2023, 'totalPay': 2593830, 'exercisedValue': 0, 'unexercisedValue': 0}, {'maxAge': 1, 'name': 'Mr. Frank A. St. John', 'age': 56, 'title': 'Chief Operating Officer', 'yearBorn': 1967, 'fiscalYear': 2023, 'totalPay': 4474579, 'exercisedValue': 0, 'unexercisedValue': 0}, {'maxAge': 1, 'name': 'Mr. Gregory M. Ulmer', 'age': 58, 'title': 'President of Aeronautics', 'yearBorn': 1965, 'fiscalYear': 2023, 'totalPay': 3374402, 'exercisedValue': 0, 'unexercisedValue': 0}, {'maxAge': 1, 'name': 'Mr. Timothy S. Cahill', 'age': 57, 'title': 'President of Missiles & Fire Control', 'yearBorn': 1966, 'fiscalYear': 2023, 'totalPay': 3502384, 'exercisedValue': 0, 'unexercisedValue': 0}, {'maxAge': 1, 'name': 'Mr. H. Edward Paul III', 'age': 47, 'title': 'Chief Accounting Officer, VP & Controller', 'yearBorn': 1976, 'fiscalYear': 2023, 'exercisedValue': 0, 'unexercisedValue': 0}, {'maxAge': 1, 'name': 'Mr. Rodney A. Makoske', 'title': 'Chief Engineer and Senior VP of Engineering & Technology', 'fiscalYear': 2023, 'exercisedValue': 0, 'unexercisedValue': 0}, {'maxAge': 1, 'name': 'Ms. Yvonne O. Hodge', 'title': 'Senior VP of Enterprise Business & Digital Transformation and CIO', 'fiscalYear': 2023, 'exercisedValue': 0, 'unexercisedValue': 0}, {'maxAge': 1, 'name': 'Ms. Maria A. Ricciardone', 'age': 47, 'title': 'VP, Treasurer & Investor Relations', 'yearBorn': 1976, 'fiscalYear': 2023, 'exercisedValue': 0, 'unexercisedValue': 0}, {'maxAge': 1, 'name': 'Ms. Maryanne R. Lavan', 'age': 64, 'title': 'Senior VP, General Counsel & Corporate Secretary', 'yearBorn': 1959, 'fiscalYear': 2023, 'totalPay': 3213729, 'exercisedValue': 0, 'unexercisedValue': 0}]"
16,auditRisk,7
17,boardRisk,9
18,compensationRisk,1
19,shareHolderRightsRisk,7
20,overallRisk,7
21,governanceEpochDate,1717200000
22,compensationAsOfEpochDate,1703980800
23,irWebsite,http://phx.corporate-ir.net/phoenix.zhtml?c=83941&p=irol-IRHome
24,maxAge,86400
25,priceHint,2
26,previousClose,467.46
27,open,465.68
28,dayLow,462.575
29,dayHigh,466.583
30,regularMarketPreviousClose,467.46
31,regularMarketOpen,465.68
32,regularMarketDayLow,462.575
33,regularMarketDayHigh,466.583
34,dividendRate,12.6
35,dividendYield,0.027
36,exDividendDate,1717372800
37,payoutRatio,0.45009997
38,fiveYearAvgDividendYield,2.61
39,beta,0.472
40,trailingPE,16.921389
41,forwardPE,16.534477
42,volume,903342
43,regularMarketVolume,903342
44,averageVolume,1036693
45,averageVolume10days,1070610
46,averageDailyVolume10Day,1070610
47,bidSize,800
48,askSize,900
49,marketCap,111043305472
50,fiftyTwoWeekLow,393.77
51,fiftyTwoWeekHigh,479.5
52,priceToSalesTrailing12Months,1.5945333
53,fiftyDayAverage,461.655
54,twoHundredDayAverage,444.36945
55,trailingAnnualDividendRate,12.3
56,trailingAnnualDividendYield,0.026312413
57,currency,USD
58,enterpriseValue,128789487616
59,profitMargins,0.09729999
60,floatShares,176644861
61,sharesOutstanding,239938000
62,sharesShort,1850962
63,sharesShortPriorMonth,2269053
64,sharesShortPreviousMonthDate,1713139200
65,dateShortInterest,1715731200
66,sharesPercentSharesOut,0.0077
67,heldPercentInsiders,0.0007
68,heldPercentInstitutions,0.74351996
69,shortRatio,1.85
70,shortPercentOfFloat,0.0091
71,impliedSharesOutstanding,239938000
72,bookValue,27.824
73,priceToBook,16.633121
74,lastFiscalYearEnd,1703980800
75,nextFiscalYearEnd,1735603200
76,mostRecentQuarter,1711843200
77,earningsQuarterlyGrowth,-0.085
78,netIncomeToCommon,6776000000
79,trailingEps,27.35
80,forwardEps,27.99
81,pegRatio,4.76
82,lastSplitFactor,2:1
83,lastSplitDate,915408000
84,enterpriseToRevenue,1.849
85,enterpriseToEbitda,12.684
86,52WeekChange,0.032946587
87,SandP52WeekChange,0.22599876
88,lastDividendValue,3.15
89,lastDividendDate,1717372800
90,exchange,NYQ
91,quoteType,EQUITY
92,symbol,LMT
93,underlyingSymbol,LMT
94,shortName,Lockheed Martin Corporation
95,longName,Lockheed Martin Corporation
96,firstTradeDateEpochUtc,221149800
97,timeZoneFullName,America/New_York
98,timeZoneShortName,EDT
99,uuid,c88f1145-2517-3402-b701-ff8fcf649d0c
100,messageBoardId,finmb_285827
101,gmtOffSetMilliseconds,-14400000
102,currentPrice,462.8
103,targetHighPrice,551.0
104,targetLowPrice,378.0
105,targetMeanPrice,489.1
106,targetMedianPrice,487.5
107,recommendationMean,2.6
108,recommendationKey,hold
109,numberOfAnalystOpinions,20
110,totalCash,2790000128
111,totalCashPerShare,11.628
112,ebitda,10154000384
113,totalDebt,19417999360
114,quickRatio,1.079
115,currentRatio,1.297
116,totalRevenue,69640003584
117,debtToEquity,292.0
118,revenuePerShare,282.172
119,returnOnAssets,0.10222
120,returnOnEquity,0.83162004
121,freeCashflow,5144999936
122,operatingCashflow,7991000064
123,earningsGrowth,-0.033
124,revenueGrowth,0.137
125,grossMargins,0.12231
126,ebitdaMargins,0.14581001
127,operatingMargins,0.12003
128,financialCurrency,USD
129,trailingPegRatio,4.8553
