,index,0
0,address1,1000 Lowe’s Boulevard
1,city,Mooresville
2,state,NC
3,zip,28117
4,country,United States
5,phone,704 758 1000
6,website,https://www.lowes.com
7,industry,Home Improvement Retail
8,industryKey,home-improvement-retail
9,industryDisp,Home Improvement Retail
10,sector,Consumer Cyclical
11,sectorKey,consumer-cyclical
12,sectorDisp,Consumer Cyclical
13,longBusinessSummary,"Lowe's Companies, Inc., together with its subsidiaries, operates as a home improvement retailer in the United States. The company offers a line of products for construction, maintenance, repair, remodeling, and decorating. It also provides home improvement products, such as appliances, seasonal and outdoor living, lawn and garden, lumber, kitchens and bath, tools, paint, millwork, hardware, flooring, rough plumbing, building materials, décor, and electrical. In addition, the company offers installation services through independent contractors in various product categories; and extended protection plans and repair services. It sells its national brand-name merchandise and private brand products to professional customers, homeowners, renters, businesses, and government. The company also sells its products through Lowes.com website; and through mobile applications. Lowe's Companies, Inc. was founded in 1921 and is based in Mooresville, North Carolina."
14,fullTimeEmployees,300000
15,companyOfficers,"[{'maxAge': 1, 'name': 'Mr. Marvin R. Ellison', 'age': 58, 'title': 'President, CEO & Chairman', 'yearBorn': 1965, 'fiscalYear': 2023, 'totalPay': 3377548, 'exercisedValue': 0, 'unexercisedValue': 47790820}, {'maxAge': 1, 'name': 'Mr. Brandon J. Sink', 'age': 47, 'title': 'Executive VP & CFO', 'yearBorn': 1976, 'fiscalYear': 2023, 'totalPay': 1240978, 'exercisedValue': 0, 'unexercisedValue': 1226197}, {'maxAge': 1, 'name': 'Ms. Juliette Williams Pryor', 'age': 58, 'title': 'Executive VP, Chief Legal Officer & Corporate Secretary', 'yearBorn': 1965, 'fiscalYear': 2023, 'totalPay': 4257676, 'exercisedValue': 0, 'unexercisedValue': 0}, {'maxAge': 1, 'name': 'Mr. William P. Boltz', 'age': 60, 'title': 'Executive Vice President of Merchandising', 'yearBorn': 1963, 'fiscalYear': 2023, 'totalPay': 1438330, 'exercisedValue': 1635340, 'unexercisedValue': 377407}, {'maxAge': 1, 'name': 'Mr. Joseph Michael McFarland III', 'age': 53, 'title': 'Executive Vice President of Stores', 'yearBorn': 1970, 'fiscalYear': 2023, 'totalPay': 1406184, 'exercisedValue': 0, 'unexercisedValue': 14189707}, {'maxAge': 1, 'name': 'Mr. Dan Clayton Griggs Jr.', 'age': 45, 'title': 'Senior VP of Tax & Chief Accounting Officer', 'yearBorn': 1978, 'fiscalYear': 2023, 'exercisedValue': 0, 'unexercisedValue': 0}, {'maxAge': 1, 'name': 'Ms. Seemantini  Godbole', 'age': 53, 'title': 'Executive VP and Chief Information & Digital Officer', 'yearBorn': 1970, 'fiscalYear': 2023, 'totalPay': 1795231, 'exercisedValue': 0, 'unexercisedValue': 5496983}, {'maxAge': 1, 'name': 'Ms. Kate  Pearlman', 'title': 'Vice President, Investor Relations & Treasurer', 'fiscalYear': 2023, 'exercisedValue': 0, 'unexercisedValue': 0}, {'maxAge': 1, 'name': 'Ms. Janice M. Dupre', 'age': 58, 'title': 'Executive Vice President of Human Resources', 'yearBorn': 1965, 'fiscalYear': 2023, 'exercisedValue': 0, 'unexercisedValue': 0}, {'maxAge': 1, 'name': 'Mr. Michael A. Tummillo', 'title': 'Senior VP & General Merchandising Manager of Building Products', 'fiscalYear': 2023, 'exercisedValue': 0, 'unexercisedValue': 0}]"
16,auditRisk,6
17,boardRisk,5
18,compensationRisk,5
19,shareHolderRightsRisk,3
20,overallRisk,4
21,governanceEpochDate,1717200000
22,compensationAsOfEpochDate,1703980800
23,irWebsite,http://phx.corporate-ir.net/phoenix.zhtml?c=95223&p=irol-IRHome
24,maxAge,86400
25,priceHint,2
26,previousClose,218.1
27,open,217.84
28,dayLow,215.01
29,dayHigh,218.53
30,regularMarketPreviousClose,218.1
31,regularMarketOpen,217.84
32,regularMarketDayLow,215.01
33,regularMarketDayHigh,218.53
34,dividendRate,4.6
35,dividendYield,0.0211
36,exDividendDate,1721779200
37,payoutRatio,0.3523
38,fiveYearAvgDividendYield,1.69
39,beta,1.074
40,trailingPE,17.468
41,forwardPE,16.24628
42,volume,1900812
43,regularMarketVolume,1900812
44,averageVolume,2361901
45,averageVolume10days,2479610
46,averageDailyVolume10Day,2479610
47,bidSize,800
48,askSize,800
49,marketCap,124423479296
50,fiftyTwoWeekLow,181.85
51,fiftyTwoWeekHigh,262.49
52,priceToSalesTrailing12Months,1.4570518
53,fiftyDayAverage,229.266
54,twoHundredDayAverage,220.13354
55,trailingAnnualDividendRate,4.4
56,trailingAnnualDividendYield,0.020174231
57,currency,USD
58,enterpriseValue,161352073216
59,profitMargins,0.08456001
60,floatShares,568593034
61,sharesOutstanding,569835008
62,sharesShort,7431629
63,sharesShortPriorMonth,7331329
64,sharesShortPreviousMonthDate,1713139200
65,dateShortInterest,1715731200
66,sharesPercentSharesOut,0.012999999
67,heldPercentInsiders,0.00101
68,heldPercentInstitutions,0.76966006
69,shortRatio,3.87
70,shortPercentOfFloat,0.012999999
71,impliedSharesOutstanding,569835008
72,bookValue,-25.535
73,lastFiscalYearEnd,1706832000
74,nextFiscalYearEnd,1738454400
75,mostRecentQuarter,1714694400
76,earningsQuarterlyGrowth,-0.223
77,netIncomeToCommon,7201999872
78,trailingEps,12.5
79,forwardEps,13.44
80,pegRatio,4.46
81,lastSplitFactor,2:1
82,lastSplitDate,1151884800
83,enterpriseToRevenue,1.89
84,enterpriseToEbitda,12.641
85,52WeekChange,0.0150796175
86,SandP52WeekChange,0.22599876
87,lastDividendValue,1.1
88,lastDividendDate,1713830400
89,exchange,NYQ
90,quoteType,EQUITY
91,symbol,LOW
92,underlyingSymbol,LOW
93,shortName,"Lowe's Companies, Inc."
94,longName,"Lowe's Companies, Inc."
95,firstTradeDateEpochUtc,322151400
96,timeZoneFullName,America/New_York
97,timeZoneShortName,EDT
98,uuid,41bc94cb-d8ee-3ea1-bce0-491b2ac11b88
99,messageBoardId,finmb_180871
100,gmtOffSetMilliseconds,-14400000
101,currentPrice,218.35
102,targetHighPrice,290.0
103,targetLowPrice,196.0
104,targetMeanPrice,252.06
105,targetMedianPrice,251.0
106,recommendationMean,2.4
107,recommendationKey,buy
108,numberOfAnalystOpinions,30
109,totalCash,3236999936
110,totalCashPerShare,5.681
111,ebitda,12764000256
112,totalDebt,40307998720
113,quickRatio,0.166
114,currentRatio,1.166
115,totalRevenue,85393997824
116,revenuePerShare,148.318
117,returnOnAssets,0.14817001
118,freeCashflow,6682625024
119,operatingCashflow,10296000512
120,earningsGrowth,-0.188
121,revenueGrowth,-0.044
122,grossMargins,0.33266
123,ebitdaMargins,0.14947
124,operatingMargins,0.124180004
125,financialCurrency,USD
126,trailingPegRatio,1.5444
