,index,0
0,address1,110 North Carpenter Street
1,city,Chicago
2,state,IL
3,zip,60607
4,country,United States
5,phone,630 623 3000
6,website,https://www.mcdonalds.com
7,industry,Restaurants
8,industryKey,restaurants
9,industryDisp,Restaurants
10,sector,Consumer Cyclical
11,sectorKey,consumer-cyclical
12,sectorDisp,Consumer Cyclical
13,longBusinessSummary,"McDonald's Corporation operates and franchises restaurants under the McDonald's brand in the United States and internationally. It offers food and beverages, including hamburgers and cheeseburgers, various chicken sandwiches, fries, shakes, desserts, sundaes, cookies, pies, soft drinks, coffee, and other beverages; and full or limited breakfast, as well as sells various other products during limited-time promotions. The company owns and operates under various structures comprising conventional franchise, developmental license, or affiliate. McDonald's Corporation was founded in 1940 and is based in Chicago, Illinois."
14,fullTimeEmployees,100000
15,companyOfficers,"[{'maxAge': 1, 'name': 'Mr. Christopher J. Kempczinski', 'age': 54, 'title': 'Chairman & CEO', 'yearBorn': 1969, 'fiscalYear': 2023, 'totalPay': 6154777, 'exercisedValue': 0, 'unexercisedValue': 42802968}, {'maxAge': 1, 'name': 'Mr. Ian Frederick Borden', 'age': 54, 'title': 'Executive VP & Global CFO', 'yearBorn': 1969, 'fiscalYear': 2023, 'totalPay': 2805282, 'exercisedValue': 1130046, 'unexercisedValue': 21472518}, {'maxAge': 1, 'name': 'Ms. Gillian  McDonald', 'age': 57, 'title': 'Executive VP & President at International Operated Markets', 'yearBorn': 1966, 'fiscalYear': 2023, 'totalPay': 2250304, 'exercisedValue': 0, 'unexercisedValue': 0}, {'maxAge': 1, 'name': 'Mr. Joseph  Erlinger', 'age': 49, 'title': ""EVP & President of McDonald's USA"", 'yearBorn': 1974, 'fiscalYear': 2023, 'totalPay': 2658538, 'exercisedValue': 5310141, 'unexercisedValue': 14154090}, {'maxAge': 1, 'name': 'Mr. Jonathan  Banner', 'age': 55, 'title': 'Executive VP & Global Chief Impact Officer', 'yearBorn': 1968, 'fiscalYear': 2023, 'totalPay': 1596308, 'exercisedValue': 0, 'unexercisedValue': 0}, {'maxAge': 1, 'name': 'Ms. Catherine A. Hoovel', 'age': 52, 'title': 'Senior VP, Corporate Controller & Principal Accounting Officer', 'yearBorn': 1971, 'fiscalYear': 2023, 'exercisedValue': 0, 'unexercisedValue': 0}, {'maxAge': 1, 'name': 'Mr. Brian S. Rice', 'age': 60, 'title': 'Executive VP & Global Chief Information Officer', 'yearBorn': 1963, 'fiscalYear': 2023, 'totalPay': 834294, 'exercisedValue': 0, 'unexercisedValue': 0}, {'maxAge': 1, 'name': 'Mr. Mike  Flores', 'title': 'Senior VP & Investor Relations Officer', 'fiscalYear': 2023, 'exercisedValue': 0, 'unexercisedValue': 0}, {'maxAge': 1, 'name': 'Ms. Desiree A. Ralls-Morrison', 'age': 56, 'title': 'Executive VP, Global Chief Legal Officer & Corporate Secretary', 'yearBorn': 1967, 'fiscalYear': 2023, 'totalPay': 2375512, 'exercisedValue': 0, 'unexercisedValue': 134503}, {'maxAge': 1, 'name': 'Ms. Morgan  Flatley', 'age': 48, 'title': 'Executive VP and Global Chief Marketing Officer & New Business Ventures', 'yearBorn': 1975, 'fiscalYear': 2023, 'exercisedValue': 0, 'unexercisedValue': 0}]"
16,auditRisk,9
17,boardRisk,6
18,compensationRisk,4
19,shareHolderRightsRisk,7
20,overallRisk,6
21,governanceEpochDate,1717200000
22,compensationAsOfEpochDate,1703980800
23,irWebsite,http://www.aboutmcdonalds.com/mcd/investors.html
24,maxAge,86400
25,priceHint,2
26,previousClose,253.81
27,open,253.01
28,dayLow,252.1
29,dayHigh,254.6889
30,regularMarketPreviousClose,253.81
31,regularMarketOpen,253.01
32,regularMarketDayLow,252.1
33,regularMarketDayHigh,254.6889
34,dividendRate,6.68
35,dividendYield,0.026300002
36,exDividendDate,1717372800
37,payoutRatio,0.5421
38,fiveYearAvgDividendYield,2.24
39,beta,0.714
40,trailingPE,21.58574
41,forwardPE,19.16202
42,volume,2292917
43,regularMarketVolume,2292917
44,averageVolume,3574856
45,averageVolume10days,3966300
46,averageDailyVolume10Day,3966300
47,bidSize,800
48,askSize,1800
49,marketCap,183255007232
50,fiftyTwoWeekLow,245.73
51,fiftyTwoWeekHigh,302.39
52,priceToSalesTrailing12Months,7.112639
53,fiftyDayAverage,267.8332
54,twoHundredDayAverage,277.4175
55,trailingAnnualDividendRate,6.38
56,trailingAnnualDividendYield,0.025136914
57,currency,USD
58,enterpriseValue,233361932288
59,profitMargins,0.33363
60,floatShares,718296200
61,sharesOutstanding,720681984
62,sharesShort,7884193
63,sharesShortPriorMonth,8492722
64,sharesShortPreviousMonthDate,1713139200
65,dateShortInterest,1715731200
66,sharesPercentSharesOut,0.0109
67,heldPercentInsiders,0.0017200001
68,heldPercentInstitutions,0.72428
69,shortRatio,2.2
70,shortPercentOfFloat,0.011
71,impliedSharesOutstanding,720681984
72,bookValue,-6.706
73,lastFiscalYearEnd,1703980800
74,nextFiscalYearEnd,1735603200
75,mostRecentQuarter,1711843200
76,earningsQuarterlyGrowth,0.07
77,netIncomeToCommon,8595800064
78,trailingEps,11.78
79,forwardEps,12.31
80,pegRatio,3.12
81,lastSplitFactor,2:1
82,lastSplitDate,920851200
83,enterpriseToRevenue,9.057
84,enterpriseToEbitda,16.899
85,52WeekChange,-0.12005961
86,SandP52WeekChange,0.22599876
87,lastDividendValue,1.67
88,lastDividendDate,1717372800
89,exchange,NYQ
90,quoteType,EQUITY
91,symbol,MCD
92,underlyingSymbol,MCD
93,shortName,McDonald's Corporation
94,longName,McDonald's Corporation
95,firstTradeDateEpochUtc,-110197800
96,timeZoneFullName,America/New_York
97,timeZoneShortName,EDT
98,uuid,23d8bc2b-33aa-36cd-80f6-61c9e181ef67
99,messageBoardId,finmb_139488
100,gmtOffSetMilliseconds,-14400000
101,currentPrice,254.28
102,targetHighPrice,357.0
103,targetLowPrice,285.0
104,targetMeanPrice,313.62
105,targetMedianPrice,310.0
106,recommendationMean,2.1
107,recommendationKey,buy
108,numberOfAnalystOpinions,32
109,totalCash,838000000
110,totalCashPerShare,1.163
111,ebitda,13809500160
112,totalDebt,50944999424
113,quickRatio,0.63
114,currentRatio,0.83
115,totalRevenue,25764700160
116,revenuePerShare,35.507
117,returnOnAssets,0.13991
118,freeCashflow,6313612288
119,operatingCashflow,9581899776
120,earningsGrowth,0.086
121,revenueGrowth,0.046
122,grossMargins,0.57006
123,ebitdaMargins,0.53599
124,operatingMargins,0.44205
125,financialCurrency,USD
126,trailingPegRatio,2.2108
