,index,0
0,address1,905 West Fulton Market
1,address2,Suite 200
2,city,Chicago
3,state,IL
4,zip,60607
5,country,United States
6,phone,847 943 4000
7,website,https://www.mondelezinternational.com
8,industry,Confectioners
9,industryKey,confectioners
10,industryDisp,Confectioners
11,sector,Consumer Defensive
12,sectorKey,consumer-defensive
13,sectorDisp,Consumer Defensive
14,longBusinessSummary,"Mondelez International, Inc., through its subsidiaries, manufactures, markets, and sells snack food and beverage products in the Latin America, North America, Asia, the Middle East, Africa, and Europe. It provides biscuits and baked snacks, including cookies, crackers, salted snacks, snack bars, and cakes and pastries; chocolates; and gums and candies, as well as various cheese and grocery, and powdered beverage products. The company's brand portfolio includes Oreo, Ritz, LU, CLIF Bar, and Tate's Bake Shop biscuits and baked snacks, as well as Cadbury Dairy Milk, Milka, and Toblerone chocolate. It serves supermarket chains, wholesalers, supercenters, club stores, mass merchandisers, distributors, convenience stores, gasoline stations, drug stores, value stores, and other retail food outlets through direct store delivery, company-owned and satellite warehouses, distribution centers, third party distributors, and other facilities, as well as through independent sales offices and agents. The company also sells products directly to businesses and consumers through e-retail platforms, retailer digital platforms, as well as through its direct-to-consumer websites and social media platforms. Mondelez International, Inc. was formerly known as Kraft Foods Inc. and changed its name to Mondelez International, Inc. in October 2012. The company was incorporated in 2000 and is headquartered in Chicago, Illinois."
15,fullTimeEmployees,91000
16,companyOfficers,"[{'maxAge': 1, 'name': 'Mr. Dirk  Van de Put', 'age': 62, 'title': 'Chairman & CEO', 'yearBorn': 1961, 'fiscalYear': 2023, 'totalPay': 6891156, 'exercisedValue': 0, 'unexercisedValue': 24761566}, {'maxAge': 1, 'name': 'Mr. Luca  Zaramella', 'age': 54, 'title': 'Executive VP & CFO', 'yearBorn': 1969, 'fiscalYear': 2023, 'totalPay': 2742445, 'exercisedValue': 1017230, 'unexercisedValue': 6295383}, {'maxAge': 1, 'name': 'Ms. Laura  Stein J.D.', 'age': 62, 'title': 'Executive VP of Corporate & Legal Affairs, General Counsel & Company Secretary', 'yearBorn': 1961, 'fiscalYear': 2023, 'totalPay': 2009258, 'exercisedValue': 0, 'unexercisedValue': 1008340}, {'maxAge': 1, 'name': 'Mr. Vinzenz Peter Gruber', 'age': 58, 'title': 'Executive VP & President of Europe', 'yearBorn': 1965, 'fiscalYear': 2023, 'totalPay': 1971233, 'exercisedValue': 0, 'unexercisedValue': 5181957}, {'maxAge': 1, 'name': 'Mr. Gustavo Carlos Valle', 'age': 59, 'title': 'Executive VP & President of North America', 'yearBorn': 1964, 'fiscalYear': 2023, 'totalPay': 2059134, 'exercisedValue': 0, 'unexercisedValue': 941322}, {'maxAge': 1, 'name': 'Mr. Michael A. Call', 'age': 50, 'title': 'Senior VP, Corporate Controller & Chief Accounting Officer', 'yearBorn': 1973, 'fiscalYear': 2023, 'exercisedValue': 0, 'unexercisedValue': 0}, {'maxAge': 1, 'name': 'Mr. Javier  Polit', 'age': 58, 'title': 'Chief Information & Digital Officer', 'yearBorn': 1965, 'fiscalYear': 2023, 'exercisedValue': 0, 'unexercisedValue': 0}, {'maxAge': 1, 'name': 'Mr. Shep  Dunlap', 'title': 'Vice President of Investor Relations', 'fiscalYear': 2023, 'exercisedValue': 0, 'unexercisedValue': 0}, {'maxAge': 1, 'name': 'Ellen M. Smith', 'title': 'Senior VP, Chief Counsel, Chief Compliance Officer', 'fiscalYear': 2023, 'exercisedValue': 0, 'unexercisedValue': 0}, {'maxAge': 1, 'name': 'Mr. Mohit  Bhalla', 'age': 53, 'title': 'Vice President of Corporate Development', 'yearBorn': 1970, 'fiscalYear': 2023, 'exercisedValue': 0, 'unexercisedValue': 0}]"
17,auditRisk,8
18,boardRisk,6
19,compensationRisk,3
20,shareHolderRightsRisk,5
21,overallRisk,6
22,governanceEpochDate,1717200000
23,compensationAsOfEpochDate,1703980800
24,irWebsite,http://www.mondelezinternational.com/Investor/index.aspx
25,maxAge,86400
26,priceHint,2
27,previousClose,67.3
28,open,67.04
29,dayLow,66.8
30,dayHigh,67.65
31,regularMarketPreviousClose,67.3
32,regularMarketOpen,67.04
33,regularMarketDayLow,66.8
34,regularMarketDayHigh,67.65
35,dividendRate,1.7
36,dividendYield,0.0253
37,exDividendDate,1719532800
38,payoutRatio,0.5287
39,fiveYearAvgDividendYield,2.13
40,beta,0.554
41,trailingPE,21.522293
42,forwardPE,18.166668
43,volume,3802854
44,regularMarketVolume,3802854
45,averageVolume,7762353
46,averageVolume10days,5673280
47,averageDailyVolume10Day,5673280
48,bid,67.53
49,ask,67.64
50,bidSize,500
51,askSize,500
52,marketCap,90649108480
53,fiftyTwoWeekLow,60.75
54,fiftyTwoWeekHigh,77.2
55,priceToSalesTrailing12Months,2.5082765
56,fiftyDayAverage,69.1386
57,twoHundredDayAverage,70.3349
58,trailingAnnualDividendRate,1.66
59,trailingAnnualDividendYield,0.024665674
60,currency,USD
61,enterpriseValue,108497461248
62,profitMargins,0.118710004
63,floatShares,1337804417
64,sharesOutstanding,1341360000
65,sharesShort,13892375
66,sharesShortPriorMonth,11326694
67,sharesShortPreviousMonthDate,1713139200
68,dateShortInterest,1715731200
69,sharesPercentSharesOut,0.0104
70,heldPercentInsiders,0.0017299999
71,heldPercentInstitutions,0.83976996
72,shortRatio,1.63
73,shortPercentOfFloat,0.0104
74,impliedSharesOutstanding,1341360000
75,bookValue,21.192
76,priceToBook,3.1889393
77,lastFiscalYearEnd,1703980800
78,nextFiscalYearEnd,1735603200
79,mostRecentQuarter,1711843200
80,earningsQuarterlyGrowth,-0.321
81,netIncomeToCommon,4289999872
82,trailingEps,3.14
83,forwardEps,3.72
84,pegRatio,2.7
85,enterpriseToRevenue,3.002
86,enterpriseToEbitda,12.884
87,52WeekChange,-0.07972103
88,SandP52WeekChange,0.22599876
89,lastDividendValue,0.425
90,lastDividendDate,1711497600
91,exchange,NMS
92,quoteType,EQUITY
93,symbol,MDLZ
94,underlyingSymbol,MDLZ
95,shortName,"Mondelez International, Inc."
96,longName,"Mondelez International, Inc."
97,firstTradeDateEpochUtc,992439000
98,timeZoneFullName,America/New_York
99,timeZoneShortName,EDT
100,uuid,0e927b24-3ec8-31b1-b90c-dd96b07a0070
101,messageBoardId,finmb_739693
102,gmtOffSetMilliseconds,-14400000
103,currentPrice,67.58
104,targetHighPrice,90.0
105,targetLowPrice,75.0
106,targetMeanPrice,81.36
107,targetMedianPrice,82.0
108,recommendationMean,1.8
109,recommendationKey,buy
110,numberOfAnalystOpinions,23
111,totalCash,1376000000
112,totalCashPerShare,1.026
113,ebitda,8421000192
114,totalDebt,19568001024
115,quickRatio,0.245
116,currentRatio,0.768
117,totalRevenue,36139999232
118,debtToEquity,68.626
119,revenuePerShare,26.603
120,returnOnAssets,0.05975
121,returnOnEquity,0.15126
122,freeCashflow,3580999936
123,operatingCashflow,4914999808
124,earningsGrowth,-0.316
125,revenueGrowth,0.014
126,grossMargins,0.41693002
127,ebitdaMargins,0.23301001
128,operatingMargins,0.30549
129,financialCurrency,USD
130,trailingPegRatio,2.8919
