,index,0
0,address1,3M Center
1,city,Saint Paul
2,state,MN
3,zip,55144-1000
4,country,United States
5,phone,651 733 1110
6,website,https://www.3m.com
7,industry,Conglomerates
8,industryKey,conglomerates
9,industryDisp,Conglomerates
10,sector,Industrials
11,sectorKey,industrials
12,sectorDisp,Industrials
13,longBusinessSummary,"3M Company provides diversified technology services in the United States and internationally. The company's Safety and Industrial segment offers industrial abrasives and finishing for metalworking applications; autobody repair solutions; closure systems for personal hygiene products, masking, and packaging materials; electrical products and materials for construction and maintenance, power distribution, and electrical original equipment manufacturers; structural adhesives and tapes; respiratory, hearing, eye, and fall protection solutions; and natural and color-coated mineral granules for shingles. Its Transportation and Electronics segment provides ceramic solutions; attachment/bonding products, films, sound, and temperature management for transportation vehicles; premium large format graphic films for advertising and fleet signage; light management films and electronics assembly solutions; packaging and interconnection solutions; semiconductor production materials; data centers solutions; and reflective signage for highway, and vehicle safety. The company's Consumer segment provides consumer bandages, braces, supports, and consumer respirators; home cleaning products; retail abrasives, paint accessories, car care DIY products, picture hanging, and consumer air quality solutions; and stationery products. It offers its products through e-commerce and traditional wholesalers, retailers, jobbers, distributors, and dealers. 3M Company was founded in 1902 and is headquartered in Saint Paul, Minnesota."
14,fullTimeEmployees,85000
15,companyOfficers,"[{'maxAge': 1, 'name': 'Mr. Michael F. Roman', 'age': 63, 'title': 'Executive Chairman', 'yearBorn': 1960, 'fiscalYear': 2023, 'totalPay': 4425224, 'exercisedValue': 0, 'unexercisedValue': 0}, {'maxAge': 1, 'name': 'Mr. Monish D. Patolawala', 'age': 51, 'title': 'President & CFO', 'yearBorn': 1972, 'fiscalYear': 2023, 'totalPay': 3091955, 'exercisedValue': 0, 'unexercisedValue': 0}, {'maxAge': 1, 'name': 'Mr. Kevin H. Rhodes', 'age': 60, 'title': 'Executive VP & Chief Legal Affairs Officer', 'yearBorn': 1963, 'fiscalYear': 2023, 'totalPay': 1777666, 'exercisedValue': 0, 'unexercisedValue': 0}, {'maxAge': 1, 'name': 'Mr. Peter D. Gibbons', 'age': 62, 'title': 'Group President of Enterprise Supply Chain', 'yearBorn': 1961, 'fiscalYear': 2023, 'totalPay': 2044937, 'exercisedValue': 0, 'unexercisedValue': 0}, {'maxAge': 1, 'name': 'Mr. William M. Brown', 'age': 60, 'title': 'CEO & Director', 'yearBorn': 1963, 'fiscalYear': 2023, 'exercisedValue': 0, 'unexercisedValue': 0}, {'maxAge': 1, 'name': 'Ms. Theresa E. Reinseth', 'age': 49, 'title': 'Senior VP, Corporate Controller & Chief Accounting Officer', 'yearBorn': 1974, 'fiscalYear': 2023, 'exercisedValue': 0, 'unexercisedValue': 0}, {'maxAge': 1, 'name': 'Dr. John P. Banovetz', 'age': 55, 'title': 'Executive VP, CTO & Environmental Responsibility', 'yearBorn': 1968, 'fiscalYear': 2023, 'exercisedValue': 0, 'unexercisedValue': 0}, {'maxAge': 1, 'name': 'Mr. Mark W. Murphy II', 'age': 55, 'title': 'Executive VP and Chief Information & Digital Officer', 'yearBorn': 1968, 'fiscalYear': 2023, 'exercisedValue': 0, 'unexercisedValue': 0}, {'maxAge': 1, 'name': 'Mr. Bruce  Jermeland C.F.A.', 'title': 'Vice President of Investor Relations', 'fiscalYear': 2023, 'exercisedValue': 0, 'unexercisedValue': 0}, {'maxAge': 1, 'name': 'Michael A. Duran', 'title': 'Senior VP and Chief Ethics & Compliance Officer', 'fiscalYear': 2023, 'exercisedValue': 0, 'unexercisedValue': 0}]"
16,auditRisk,4
17,boardRisk,8
18,compensationRisk,10
19,shareHolderRightsRisk,4
20,overallRisk,9
21,governanceEpochDate,1717200000
22,compensationAsOfEpochDate,1703980800
23,irWebsite,http://phx.corporate-ir.net/phoenix.zhtml?c=80574&p=irol-IRHome
24,maxAge,86400
25,priceHint,2
26,previousClose,100.66
27,open,100.1
28,dayLow,99.225
29,dayHigh,101.47
30,regularMarketPreviousClose,100.66
31,regularMarketOpen,100.1
32,regularMarketDayLow,99.225
33,regularMarketDayHigh,101.47
34,dividendRate,2.8
35,dividendYield,0.0278
36,exDividendDate,1716422400
37,payoutRatio,0.6167
38,fiveYearAvgDividendYield,4.32
39,beta,1.012
40,forwardPE,13.006418
41,volume,2830576
42,regularMarketVolume,2830576
43,averageVolume,5974901
44,averageVolume10days,5972810
45,averageDailyVolume10Day,5972810
46,bidSize,1100
47,askSize,1100
48,marketCap,56066539520
49,fiftyTwoWeekLow,71.36288
50,fiftyTwoWeekHigh,106.04
51,priceToSalesTrailing12Months,1.7170409
52,fiftyDayAverage,96.3774
53,twoHundredDayAverage,85.672195
54,trailingAnnualDividendRate,6.01
55,trailingAnnualDividendYield,0.05970594
56,currency,USD
57,enterpriseValue,67418562560
58,profitMargins,-0.21569
59,floatShares,552592085
60,sharesOutstanding,553361024
61,sharesShort,9278900
62,sharesShortPriorMonth,8177324
63,sharesShortPreviousMonthDate,1713139200
64,dateShortInterest,1715731200
65,sharesPercentSharesOut,0.0168
66,heldPercentInsiders,0.0010800001
67,heldPercentInstitutions,0.66832
68,shortRatio,1.93
69,shortPercentOfFloat,0.0168
70,impliedSharesOutstanding,553361024
71,bookValue,8.794
72,priceToBook,11.521492
73,lastFiscalYearEnd,1703980800
74,nextFiscalYearEnd,1735603200
75,mostRecentQuarter,1711843200
76,earningsQuarterlyGrowth,-0.049
77,netIncomeToCommon,-7042999808
78,trailingEps,-12.73
79,forwardEps,7.23
80,pegRatio,-2.69
81,lastSplitFactor,1196:1000
82,lastSplitDate,1711929600
83,enterpriseToRevenue,2.065
84,enterpriseToEbitda,8.276
85,52WeekChange,0.18086672
86,SandP52WeekChange,0.22599876
87,lastDividendValue,0.7
88,lastDividendDate,1716422400
89,exchange,NYQ
90,quoteType,EQUITY
91,symbol,MMM
92,underlyingSymbol,MMM
93,shortName,3M Company
94,longName,3M Company
95,firstTradeDateEpochUtc,-252322200
96,timeZoneFullName,America/New_York
97,timeZoneShortName,EDT
98,uuid,375388b3-dab7-3763-90cd-457ad19388a2
99,messageBoardId,finmb_289194
100,gmtOffSetMilliseconds,-14400000
101,currentPrice,101.32
102,targetHighPrice,140.0
103,targetLowPrice,87.0
104,targetMeanPrice,107.31
105,targetMedianPrice,105.0
106,recommendationMean,2.7
107,recommendationKey,hold
108,numberOfAnalystOpinions,13
109,totalCash,10970999808
110,totalCashPerShare,19.826
111,ebitda,8145999872
112,totalDebt,22256001024
113,quickRatio,1.195
114,currentRatio,1.643
115,totalRevenue,32653000704
116,debtToEquity,451.166
117,revenuePerShare,58.89
118,returnOnAssets,0.07582
119,returnOnEquity,-0.69286
120,freeCashflow,8903374848
121,operatingCashflow,6172000256
122,earningsGrowth,-0.051
123,revenueGrowth,-0.003
124,grossMargins,0.4455
125,ebitdaMargins,0.24947001
126,operatingMargins,0.21704
127,financialCurrency,USD
128,trailingPegRatio,
