,index,0
0,address1,126 East Lincoln Avenue
1,city,Rahway
2,state,NJ
3,zip,07065
4,country,United States
5,phone,908 740 4000
6,website,https://www.merck.com
7,industry,Drug Manufacturers - General
8,industryKey,drug-manufacturers-general
9,industryDisp,Drug Manufacturers - General
10,sector,Healthcare
11,sectorKey,healthcare
12,sectorDisp,Healthcare
13,longBusinessSummary,"Merck & Co., Inc. operates as a healthcare company worldwide. It operates through two segments, Pharmaceutical and Animal Health. The Pharmaceutical segment offers human health pharmaceutical products in the areas of oncology, hospital acute care, immunology, neuroscience, virology, cardiovascular, and diabetes under the Keytruda, Bridion, Adempas, Lagevrio, Belsomra, Simponi, and Januvia brands, as well as vaccine products consisting of preventive pediatric, adolescent, and adult vaccines under the Gardasil/Gardasil 9, ProQuad, M-M-R II, Varivax, RotaTeq, Live Oral, Vaxneuvance, Pneumovax 23, and Vaqta names. The Animal Health segment discovers, develops, manufactures, and markets veterinary pharmaceuticals, vaccines, and health management solutions and services, as well as digitally connected identification, traceability, and monitoring products. The company serves drug wholesalers and retailers, hospitals, and government agencies; managed health care providers, such as health maintenance organizations, pharmacy benefit managers, and other institutions; and physicians, wholesalers, government entities, veterinarians, distributors, animal producers, farmers, and pet owners. It has development and commercialization agreement for three of Daiichi Sankyo's deruxtecan ADC candidates, which include patritumab deruxtecan, ifinatamab deruxtecan, and raludotatug deruxtecan for the treatment of multiple solid tumors both as monotherapy and/or in combination with other treatments; and AstraZeneca PLC to co-development and co-commercialize AstraZeneca's Lynparza products for multiple cancer types, and Koselugo for multiple indications. The company also has a collaboration agreement with Eisai Co., Ltd., Bayer AG, and Ridgeback Biotherapeutics LP, as well Moderna, Inc. Merck & Co., Inc. was founded in 1891 and is headquartered in Rahway, New Jersey."
14,fullTimeEmployees,70000
15,companyOfficers,"[{'maxAge': 1, 'name': 'Mr. Robert M. Davis J.D.', 'age': 56, 'title': 'Chairman, President & CEO', 'yearBorn': 1967, 'fiscalYear': 2023, 'totalPay': 5574539, 'exercisedValue': 8440688, 'unexercisedValue': 16341741}, {'maxAge': 1, 'name': 'Ms. Caroline  Litchfield', 'age': 54, 'title': 'Executive VP & CFO', 'yearBorn': 1969, 'fiscalYear': 2023, 'totalPay': 3085473, 'exercisedValue': 0, 'unexercisedValue': 9997151}, {'maxAge': 1, 'name': 'Mr. Richard R. DeLuca Jr.', 'age': 60, 'title': 'Executive VP & President of Merck Animal Health', 'yearBorn': 1963, 'fiscalYear': 2023, 'totalPay': 2397958, 'exercisedValue': 8027422, 'unexercisedValue': 6876577}, {'maxAge': 1, 'name': 'Mr. Sanat  Chattopadhyay', 'age': 63, 'title': 'Executive VP & President of Merck Manufacturing Division', 'yearBorn': 1960, 'fiscalYear': 2023, 'totalPay': 2488990, 'exercisedValue': 12488854, 'unexercisedValue': 7539200}, {'maxAge': 1, 'name': 'Dr. Dean Y. Li M.D., Ph.D.', 'age': 60, 'title': 'Executive VP & President of Merck Research Laboratories', 'yearBorn': 1963, 'fiscalYear': 2023, 'totalPay': 3612965, 'exercisedValue': 0, 'unexercisedValue': 5656061}, {'maxAge': 1, 'name': 'Mr. Dalton E. Smart III', 'age': 56, 'title': 'Senior VP of Finance, Principal Accounting Officer & Global Controller', 'yearBorn': 1967, 'fiscalYear': 2023, 'exercisedValue': 0, 'unexercisedValue': 0}, {'maxAge': 1, 'name': 'Mr. David Michael Williams', 'age': 54, 'title': 'Executive VP and Chief Information & Digital Officer', 'yearBorn': 1969, 'fiscalYear': 2023, 'exercisedValue': 0, 'unexercisedValue': 0}, {'maxAge': 1, 'name': 'Mr. Peter  Dannenbaum', 'title': 'Vice President of Investor Relations', 'fiscalYear': 2023, 'exercisedValue': 0, 'unexercisedValue': 0}, {'maxAge': 1, 'name': 'Ms. Jennifer L. Zachary', 'age': 45, 'title': 'Executive VP & General Counsel', 'yearBorn': 1978, 'fiscalYear': 2023, 'totalPay': 2732334, 'exercisedValue': 3461623, 'unexercisedValue': 4142191}, {'maxAge': 1, 'name': 'Lisa  LeCointe-Cephas', 'age': 41, 'title': 'Senior VP and Chief Ethics & Compliance Officer', 'yearBorn': 1982, 'fiscalYear': 2023, 'exercisedValue': 0, 'unexercisedValue': 0}]"
16,auditRisk,7
17,boardRisk,5
18,compensationRisk,3
19,shareHolderRightsRisk,3
20,overallRisk,4
21,governanceEpochDate,1717200000
22,compensationAsOfEpochDate,1703980800
23,irWebsite,http://www.merck.com/investors/home.html
24,maxAge,86400
25,priceHint,2
26,previousClose,131.49
27,open,131.0
28,dayLow,129.74
29,dayHigh,132.17
30,regularMarketPreviousClose,131.49
31,regularMarketOpen,131.0
32,regularMarketDayLow,129.74
33,regularMarketDayHigh,132.17
34,dividendRate,3.08
35,dividendYield,0.0234
36,exDividendDate,1718582400
37,payoutRatio,3.3332999
38,fiveYearAvgDividendYield,2.88
39,beta,0.403
40,trailingPE,148.13483
41,forwardPE,13.250251
42,volume,8397174
43,regularMarketVolume,8397174
44,averageVolume,8232425
45,averageVolume10days,8816500
46,averageDailyVolume10Day,8816500
47,bidSize,900
48,askSize,1100
49,marketCap,333925646336
50,fiftyTwoWeekLow,99.14
51,fiftyTwoWeekHigh,133.1
52,priceToSalesTrailing12Months,5.4382625
53,fiftyDayAverage,128.5474
54,twoHundredDayAverage,116.4169
55,trailingAnnualDividendRate,2.96
56,trailingAnnualDividendYield,0.022511218
57,currency,USD
58,enterpriseValue,362585194496
59,profitMargins,0.03756
60,floatShares,2528221928
61,sharesOutstanding,2532809984
62,sharesShort,20265716
63,sharesShortPriorMonth,20429972
64,sharesShortPreviousMonthDate,1713139200
65,dateShortInterest,1715731200
66,sharesPercentSharesOut,0.008
67,heldPercentInsiders,0.00053
68,heldPercentInstitutions,0.7885
69,shortRatio,2.84
70,shortPercentOfFloat,0.008
71,impliedSharesOutstanding,2532809984
72,bookValue,15.937
73,priceToBook,8.2725725
74,lastFiscalYearEnd,1703980800
75,nextFiscalYearEnd,1735603200
76,mostRecentQuarter,1711843200
77,earningsQuarterlyGrowth,0.688
78,netIncomeToCommon,2305999872
79,trailingEps,0.89
80,forwardEps,9.24
81,pegRatio,0.16
82,lastSplitFactor,1048:1000
83,lastSplitDate,1622678400
84,enterpriseToRevenue,5.905
85,enterpriseToEbitda,17.094
86,52WeekChange,0.21010494
87,SandP52WeekChange,0.22599876
88,lastDividendValue,0.77
89,lastDividendDate,1710374400
90,exchange,NYQ
91,quoteType,EQUITY
92,symbol,MRK
93,underlyingSymbol,MRK
94,shortName,"Merck & Company, Inc."
95,longName,"Merck & Co., Inc."
96,firstTradeDateEpochUtc,-252322200
97,timeZoneFullName,America/New_York
98,timeZoneShortName,EDT
99,uuid,3fd0c404-d9b9-32ea-a95e-f2db63766fb3
100,messageBoardId,finmb_288502
101,gmtOffSetMilliseconds,-14400000
102,currentPrice,131.84
103,targetHighPrice,155.0
104,targetLowPrice,124.5
105,targetMeanPrice,142.98
106,targetMedianPrice,145.0
107,recommendationMean,1.8
108,recommendationKey,buy
109,numberOfAnalystOpinions,25
110,totalCash,5618999808
111,totalCashPerShare,2.218
112,ebitda,21211000832
113,totalDebt,34218999808
114,quickRatio,0.725
115,currentRatio,1.253
116,totalRevenue,61403000832
117,debtToEquity,84.65
118,revenuePerShare,24.215
119,returnOnAssets,0.10257
120,returnOnEquity,0.05311
121,freeCashflow,9593875456
122,operatingCashflow,14757000192
123,earningsGrowth,0.685
124,revenueGrowth,0.089
125,grossMargins,0.74851
126,ebitdaMargins,0.34544
127,operatingMargins,0.42466
128,financialCurrency,USD
129,trailingPegRatio,0.1025
