,index,0
0,address1,1585 Broadway
1,city,New York
2,state,NY
3,zip,10036
4,country,United States
5,phone,212 761 4000
6,website,https://www.morganstanley.com
7,industry,Capital Markets
8,industryKey,capital-markets
9,industryDisp,Capital Markets
10,sector,Financial Services
11,sectorKey,financial-services
12,sectorDisp,Financial Services
13,longBusinessSummary,"Morgan Stanley, a financial holding company, provides various financial products and services to corporations, governments, financial institutions, and individuals in the Americas, Europe, the Middle East, Africa, and Asia. It operates through Institutional Securities, Wealth Management, and Investment Management segments. The Institutional Securities segment offers capital raising and financial advisory services, including services related to the underwriting of debt, equity, and other securities, as well as advice on mergers and acquisitions, restructurings, real estate, and project finance. This segment also provides equity and fixed income products comprising sales, financing, prime brokerage, and market-making services; foreign exchange and commodities; corporate and commercial real estate loans, commercial mortgage and secured lending facilities, and financing for sales and trading customers, and asset-backed and mortgage lending; and wealth management services, investment, and research services. The Wealth Management segment offers financial advisor-led brokerage, custody, administrative, and investment advisory services; self-directed brokerage services; financial and wealth planning services; workplace services, including stock plan administration; annuity and insurance products; securities-based lending, residential real estate loans, and other lending products; banking; and retirement plan services to individual investors and small to medium-sized businesses and institutions. The Investment Management segment provides equity, fixed income, alternatives and solutions, and liquidity and overlay services to benefit/defined contribution plans, foundations, endowments, government entities, sovereign wealth funds, insurance companies, third-party fund sponsors, corporations, and individuals through institutional and intermediary channels. The company was founded in 1924 and is headquartered in New York, New York."
14,fullTimeEmployees,80000
15,companyOfficers,"[{'maxAge': 1, 'name': 'Mr. James Patrick Gorman', 'age': 65, 'title': 'Executive Chairman', 'yearBorn': 1958, 'fiscalYear': 2023, 'totalPay': 10447439, 'exercisedValue': 0, 'unexercisedValue': 0}, {'maxAge': 1, 'name': 'Mr. Edward N. Pick', 'age': 54, 'title': 'CEO & Director', 'yearBorn': 1969, 'fiscalYear': 2023, 'totalPay': 10200700, 'exercisedValue': 0, 'unexercisedValue': 0}, {'maxAge': 1, 'name': 'Mr. Daniel Aaron Simkowitz', 'age': 57, 'title': 'Co-President', 'yearBorn': 1966, 'fiscalYear': 2023, 'totalPay': 8506242, 'exercisedValue': 0, 'unexercisedValue': 0}, {'maxAge': 1, 'name': 'Mr. Andrew Michael Saperstein', 'age': 56, 'title': 'Co-President', 'yearBorn': 1967, 'fiscalYear': 2023, 'totalPay': 9014869, 'exercisedValue': 0, 'unexercisedValue': 0}, {'maxAge': 1, 'name': 'Ms. Sharon  Yeshaya', 'age': 43, 'title': 'Executive VP & CFO', 'yearBorn': 1980, 'fiscalYear': 2023, 'totalPay': 6192514, 'exercisedValue': 0, 'unexercisedValue': 0}, {'maxAge': 1, 'name': 'Mr. Michael  Wilson', 'title': 'Chief U.S. Equity Strategist & Chief Investment Officer', 'fiscalYear': 2023, 'exercisedValue': 0, 'unexercisedValue': 0}, {'maxAge': 1, 'name': 'Mr. Raja J. Akram', 'age': 51, 'title': 'Chief Accounting Officer, Deputy CFO & Controller', 'yearBorn': 1972, 'fiscalYear': 2023, 'exercisedValue': 0, 'unexercisedValue': 0}, {'maxAge': 1, 'name': 'Ms. Robyn Maslynsky Goldschmid', 'title': 'Managing Director', 'fiscalYear': 2023, 'exercisedValue': 0, 'unexercisedValue': 0}, {'maxAge': 1, 'name': 'Clint  Gartin', 'title': 'Chairman of Investment Banking', 'fiscalYear': 2023, 'exercisedValue': 0, 'unexercisedValue': 0}, {'maxAge': 1, 'name': 'Mr. Michael A. Pizzi', 'age': 48, 'title': 'Head of U.S. Banks & Head of Technology', 'yearBorn': 1975, 'fiscalYear': 2023, 'exercisedValue': 0, 'unexercisedValue': 0}]"
16,auditRisk,7
17,boardRisk,6
18,compensationRisk,10
19,shareHolderRightsRisk,7
20,overallRisk,9
21,governanceEpochDate,1717200000
22,compensationAsOfEpochDate,1703980800
23,irWebsite,http://www.morganstanley.com/about/ir/index.html
24,maxAge,86400
25,priceHint,2
26,previousClose,96.39
27,open,96.46
28,dayLow,94.725
29,dayHigh,96.46
30,regularMarketPreviousClose,96.39
31,regularMarketOpen,96.46
32,regularMarketDayLow,94.725
33,regularMarketDayHigh,96.46
34,dividendRate,3.4
35,dividendYield,0.0353
36,exDividendDate,1714348800
37,payoutRatio,0.6045
38,fiveYearAvgDividendYield,2.96
39,beta,1.369
40,trailingPE,17.350908
41,forwardPE,12.60634
42,volume,5327884
43,regularMarketVolume,5327884
44,averageVolume,6873283
45,averageVolume10days,5083160
46,averageDailyVolume10Day,5083160
47,bidSize,800
48,askSize,800
49,marketCap,155089010688
50,fiftyTwoWeekLow,69.42
51,fiftyTwoWeekHigh,103.25
52,priceToSalesTrailing12Months,2.847237
53,fiftyDayAverage,94.8472
54,twoHundredDayAverage,86.8085
55,trailingAnnualDividendRate,3.4
56,trailingAnnualDividendYield,0.03527337
57,currency,USD
58,enterpriseValue,-143872573440
59,profitMargins,0.17476
60,floatShares,1243330705
61,sharesOutstanding,1625159936
62,sharesShort,15603686
63,sharesShortPriorMonth,15927402
64,sharesShortPreviousMonthDate,1713139200
65,dateShortInterest,1715731200
66,sharesPercentSharesOut,0.0095999995
67,heldPercentInsiders,0.23306999
68,heldPercentInstitutions,0.61019003
69,shortRatio,2.31
70,shortPercentOfFloat,0.0125
71,impliedSharesOutstanding,1625159936
72,bookValue,55.604
73,priceToBook,1.7162434
74,lastFiscalYearEnd,1703980800
75,nextFiscalYearEnd,1735603200
76,mostRecentQuarter,1711843200
77,earningsQuarterlyGrowth,0.145
78,netIncomeToCommon,8960000000
79,trailingEps,5.5
80,forwardEps,7.57
81,pegRatio,1.75
82,lastSplitFactor,2:1
83,lastSplitDate,948931200
84,enterpriseToRevenue,-2.641
85,52WeekChange,0.095589876
86,SandP52WeekChange,0.22599876
87,lastDividendValue,0.85
88,lastDividendDate,1714348800
89,exchange,NYQ
90,quoteType,EQUITY
91,symbol,MS
92,underlyingSymbol,MS
93,shortName,Morgan Stanley
94,longName,Morgan Stanley
95,firstTradeDateEpochUtc,730477800
96,timeZoneFullName,America/New_York
97,timeZoneShortName,EDT
98,uuid,7a663cae-a1b7-32a6-bdc2-868158ed584d
99,messageBoardId,finmb_472898
100,gmtOffSetMilliseconds,-14400000
101,currentPrice,95.43
102,targetHighPrice,118.0
103,targetLowPrice,73.6
104,targetMeanPrice,98.9
105,targetMedianPrice,98.0
106,recommendationMean,2.5
107,recommendationKey,buy
108,numberOfAnalystOpinions,20
109,totalCash,727047012352
110,totalCashPerShare,447.369
111,totalDebt,416833011712
112,quickRatio,1.942
113,currentRatio,1.967
114,totalRevenue,54470000640
115,debtToEquity,416.25
116,revenuePerShare,33.686
117,returnOnAssets,0.00796
118,returnOnEquity,0.09559
119,operatingCashflow,-19310999552
120,earningsGrowth,0.188
121,revenueGrowth,0.06
122,grossMargins,0.86503
123,operatingMargins,0.34685
124,financialCurrency,USD
125,trailingPegRatio,3.2687
