,index,0
0,address1,One Microsoft Way
1,city,Redmond
2,state,WA
3,zip,98052-6399
4,country,United States
5,phone,425 882 8080
6,website,https://www.microsoft.com
7,industry,Software - Infrastructure
8,industryKey,software-infrastructure
9,industryDisp,Software - Infrastructure
10,sector,Technology
11,sectorKey,technology
12,sectorDisp,Technology
13,longBusinessSummary,"Microsoft Corporation develops and supports software, services, devices and solutions worldwide. The Productivity and Business Processes segment offers office, exchange, SharePoint, Microsoft Teams, office 365 Security and Compliance, Microsoft viva, and Microsoft 365 copilot; and office consumer services, such as Microsoft 365 consumer subscriptions, Office licensed on-premises, and other office services. This segment also provides LinkedIn; and dynamics business solutions, including Dynamics 365, a set of intelligent, cloud-based applications across ERP, CRM, power apps, and power automate; and on-premises ERP and CRM applications. The Intelligent Cloud segment offers server products and cloud services, such as azure and other cloud services; SQL and windows server, visual studio, system center, and related client access licenses, as well as nuance and GitHub; and enterprise services including enterprise support services, industry solutions, and nuance professional services. The More Personal Computing segment offers Windows, including windows OEM licensing and other non-volume licensing of the Windows operating system; Windows commercial comprising volume licensing of the Windows operating system, windows cloud services, and other Windows commercial offerings; patent licensing; and windows Internet of Things; and devices, such as surface, HoloLens, and PC accessories. Additionally, this segment provides gaming, which includes Xbox hardware and content, and first- and third-party content; Xbox game pass and other subscriptions, cloud gaming, advertising, third-party disc royalties, and other cloud services; and search and news advertising, which includes Bing, Microsoft News and Edge, and third-party affiliates. The company sells its products through OEMs, distributors, and resellers; and directly through digital marketplaces, online, and retail stores. The company was founded in 1975 and is headquartered in Redmond, Washington."
14,fullTimeEmployees,221000
15,companyOfficers,"[{'maxAge': 1, 'name': 'Mr. Satya  Nadella', 'age': 56, 'title': 'Chairman & CEO', 'yearBorn': 1967, 'fiscalYear': 2023, 'totalPay': 9276400, 'exercisedValue': 0, 'unexercisedValue': 0}, {'maxAge': 1, 'name': 'Mr. Bradford L. Smith LCA', 'age': 64, 'title': 'President & Vice Chairman', 'yearBorn': 1959, 'fiscalYear': 2023, 'totalPay': 3591277, 'exercisedValue': 0, 'unexercisedValue': 0}, {'maxAge': 1, 'name': 'Ms. Amy E. Hood', 'age': 51, 'title': 'Executive VP & CFO', 'yearBorn': 1972, 'fiscalYear': 2023, 'totalPay': 3452196, 'exercisedValue': 0, 'unexercisedValue': 0}, {'maxAge': 1, 'name': 'Mr. Judson B. Althoff', 'age': 49, 'title': 'Executive VP & Chief Commercial Officer', 'yearBorn': 1974, 'fiscalYear': 2023, 'totalPay': 3355797, 'exercisedValue': 0, 'unexercisedValue': 0}, {'maxAge': 1, 'name': 'Mr. Christopher David Young', 'age': 51, 'title': 'Executive Vice President of Business Development, Strategy & Ventures', 'yearBorn': 1972, 'fiscalYear': 2023, 'totalPay': 2460507, 'exercisedValue': 0, 'unexercisedValue': 0}, {'maxAge': 1, 'name': 'Ms. Alice L. Jolla', 'age': 56, 'title': 'Corporate VP & Chief Accounting Officer', 'yearBorn': 1967, 'fiscalYear': 2023, 'exercisedValue': 0, 'unexercisedValue': 0}, {'maxAge': 1, 'name': 'Mr. James Kevin Scott', 'age': 51, 'title': 'Executive VP of AI & CTO', 'yearBorn': 1972, 'fiscalYear': 2023, 'exercisedValue': 0, 'unexercisedValue': 0}, {'maxAge': 1, 'name': 'Brett  Iversen', 'title': 'Vice President of Investor Relations', 'fiscalYear': 2023, 'exercisedValue': 0, 'unexercisedValue': 0}, {'maxAge': 1, 'name': 'Mr. Hossein  Nowbar', 'title': 'Chief Legal Officer', 'fiscalYear': 2023, 'exercisedValue': 0, 'unexercisedValue': 0}, {'maxAge': 1, 'name': 'Mr. Frank X. Shaw', 'title': 'Chief Communications Officer', 'fiscalYear': 2023, 'exercisedValue': 0, 'unexercisedValue': 0}]"
16,auditRisk,3
17,boardRisk,4
18,compensationRisk,2
19,shareHolderRightsRisk,2
20,overallRisk,1
21,governanceEpochDate,1717200000
22,compensationAsOfEpochDate,1703980800
23,irWebsite,http://www.microsoft.com/investor/default.aspx
24,maxAge,86400
25,priceHint,2
26,previousClose,427.87
27,open,425.78
28,dayLow,425.25
29,dayHigh,432.82
30,regularMarketPreviousClose,427.87
31,regularMarketOpen,425.78
32,regularMarketDayLow,425.25
33,regularMarketDayHigh,432.82
34,dividendRate,3.0
35,dividendYield,0.0069999998
36,exDividendDate,1715731200
37,payoutRatio,0.24780001
38,fiveYearAvgDividendYield,0.93
39,beta,0.893
40,trailingPE,37.42906
41,forwardPE,32.630466
42,volume,14071292
43,regularMarketVolume,14071292
44,averageVolume,19553356
45,averageVolume10days,19896280
46,averageDailyVolume10Day,19896280
47,bid,432.57
48,ask,432.84
49,bidSize,100
50,askSize,100
51,marketCap,3215811674112
52,fiftyTwoWeekLow,309.45
53,fiftyTwoWeekHigh,433.6
54,priceToSalesTrailing12Months,13.592685
55,fiftyDayAverage,416.1494
56,twoHundredDayAverage,381.9882
57,trailingAnnualDividendRate,2.93
58,trailingAnnualDividendYield,0.0068478747
59,currency,USD
60,enterpriseValue,3242026074112
61,profitMargins,0.36426997
62,floatShares,7421454628
63,sharesOutstanding,7432309760
64,sharesShort,43764126
65,sharesShortPriorMonth,56321541
66,sharesShortPreviousMonthDate,1713139200
67,dateShortInterest,1715731200
68,sharesPercentSharesOut,0.0058999998
69,heldPercentInsiders,0.00054000004
70,heldPercentInstitutions,0.73684
71,shortRatio,2.18
72,shortPercentOfFloat,0.0058999998
73,impliedSharesOutstanding,7432309760
74,bookValue,34.058
75,priceToBook,12.70421
76,lastFiscalYearEnd,1688083200
77,nextFiscalYearEnd,1719705600
78,mostRecentQuarter,1711843200
79,earningsQuarterlyGrowth,0.199
80,netIncomeToCommon,86181003264
81,trailingEps,11.56
82,forwardEps,12.31
83,pegRatio,2.23
84,lastSplitFactor,2:1
85,lastSplitDate,1045526400
86,enterpriseToRevenue,13.703
87,enterpriseToEbitda,25.734
88,52WeekChange,0.2683643
89,SandP52WeekChange,0.22599876
90,lastDividendValue,0.75
91,lastDividendDate,1715731200
92,exchange,NMS
93,quoteType,EQUITY
94,symbol,MSFT
95,underlyingSymbol,MSFT
96,shortName,Microsoft Corporation
97,longName,Microsoft Corporation
98,firstTradeDateEpochUtc,511108200
99,timeZoneFullName,America/New_York
100,timeZoneShortName,EDT
101,uuid,b004b3ec-de24-385e-b2c1-923f10d3fb62
102,messageBoardId,finmb_21835
103,gmtOffSetMilliseconds,-14400000
104,currentPrice,432.68
105,targetHighPrice,600.0
106,targetLowPrice,436.0
107,targetMeanPrice,484.65
108,targetMedianPrice,480.0
109,recommendationMean,1.6
110,recommendationKey,buy
111,numberOfAnalystOpinions,46
112,totalCash,80013000704
113,totalCashPerShare,10.766
114,ebitda,125981999104
115,totalDebt,106228998144
116,quickRatio,1.132
117,currentRatio,1.242
118,totalRevenue,236583993344
119,debtToEquity,41.963
120,revenuePerShare,31.834
121,returnOnAssets,0.1541
122,returnOnEquity,0.38487998
123,freeCashflow,61997998080
124,operatingCashflow,110122999808
125,earningsGrowth,0.2
126,revenueGrowth,0.17
127,grossMargins,0.69894
128,ebitdaMargins,0.5325
129,operatingMargins,0.44588003
130,financialCurrency,USD
131,trailingPegRatio,2.1103
