,index,0
0,address1,One Bowerman Drive
1,city,Beaverton
2,state,OR
3,zip,97005-6453
4,country,United States
5,phone,503 671 6453
6,website,https://www.nike.com
7,industry,Footwear & Accessories
8,industryKey,footwear-accessories
9,industryDisp,Footwear & Accessories
10,sector,Consumer Cyclical
11,sectorKey,consumer-cyclical
12,sectorDisp,Consumer Cyclical
13,longBusinessSummary,"NIKE, Inc., together with its subsidiaries, designs, develops, markets, and sells athletic footwear, apparel, equipment, accessories, and services worldwide. The company provides athletic and casual footwear, apparel, and accessories under the Jumpman trademark; and casual sneakers, apparel, and accessories under the Converse, Chuck Taylor, All Star, One Star, Star Chevron, and Jack Purcell trademarks. It also sells a line of performance equipment and accessories comprising bags, sport balls, socks, eyewear, timepieces, digital devices, bats, gloves, protective equipment, and other equipment for sports activities under the NIKE brand; and various plastic products to other manufacturers. In addition, the company markets apparel with licensed college and professional team, and league logos, as well as sells sports apparel; and licenses unaffiliated parties to manufacture and sell apparel, digital devices, and applications and other equipment for sports activities under NIKE-owned trademarks. It sells its products to footwear stores; sporting goods stores; athletic specialty stores; department stores; skate, tennis, and golf shops; and other retail accounts through NIKE-owned retail stores, digital platforms, independent distributors, licensees, and sales representatives. NIKE, Inc. was founded in 1964 and is headquartered in Beaverton, Oregon."
14,fullTimeEmployees,83700
15,companyOfficers,"[{'maxAge': 1, 'name': 'Mr. Mark G. Parker', 'age': 67, 'title': 'Executive Chairman', 'yearBorn': 1956, 'fiscalYear': 2023, 'totalPay': 7638047, 'exercisedValue': 19443600, 'unexercisedValue': 72487264}, {'maxAge': 1, 'name': 'Mr. John J. Donahoe II', 'age': 62, 'title': 'President, CEO & Director', 'yearBorn': 1961, 'fiscalYear': 2023, 'totalPay': 12322059, 'exercisedValue': 0, 'unexercisedValue': 3846427}, {'maxAge': 1, 'name': 'Mr. Matthew  Friend', 'age': 45, 'title': 'Executive VP & CFO', 'yearBorn': 1978, 'fiscalYear': 2023, 'totalPay': 3661404, 'exercisedValue': 0, 'unexercisedValue': 4339626}, {'maxAge': 1, 'name': ""Ms. Heidi  O'Neill"", 'age': 57, 'title': 'President of Consumer, Product & Brand', 'yearBorn': 1966, 'fiscalYear': 2023, 'totalPay': 3690250, 'exercisedValue': 0, 'unexercisedValue': 2007165}, {'maxAge': 1, 'name': 'Mr. Philip H. Knight', 'age': 85, 'title': 'Co-Founder & Chairman Emeritus', 'yearBorn': 1938, 'fiscalYear': 2023, 'totalPay': 3069594, 'exercisedValue': 0, 'unexercisedValue': 0}, {'maxAge': 1, 'name': 'Ms. Johanna  Nielsen', 'age': 45, 'title': 'VP of Controlling & Principal Accounting Officer', 'yearBorn': 1978, 'fiscalYear': 2023, 'exercisedValue': 0, 'unexercisedValue': 0}, {'maxAge': 1, 'name': 'Dr. Muge Erdirik Dogan', 'title': 'Chief Technology Officer', 'fiscalYear': 2023, 'exercisedValue': 0, 'unexercisedValue': 0}, {'maxAge': 1, 'name': 'Mr. Paul  Trussell C.F.A.', 'title': 'VP of Investor Relations & Strategic Finance', 'fiscalYear': 2023, 'exercisedValue': 0, 'unexercisedValue': 0}, {'maxAge': 1, 'name': 'Ms. Ann M. Miller', 'age': 48, 'title': 'Executive VP & Chief Legal Officer', 'yearBorn': 1975, 'fiscalYear': 2023, 'exercisedValue': 0, 'unexercisedValue': 0}, {'maxAge': 1, 'name': 'Mr. KeJuan  Wilkins', 'title': 'Executive VP & Chief Communications Officer', 'fiscalYear': 2023, 'exercisedValue': 0, 'unexercisedValue': 0}]"
16,auditRisk,9
17,boardRisk,10
18,compensationRisk,2
19,shareHolderRightsRisk,7
20,overallRisk,9
21,governanceEpochDate,1717200000
22,compensationAsOfEpochDate,1703980800
23,maxAge,86400
24,priceHint,2
25,previousClose,96.0
26,open,95.52
27,dayLow,94.52
28,dayHigh,95.995
29,regularMarketPreviousClose,96.0
30,regularMarketOpen,95.52
31,regularMarketDayLow,94.52
32,regularMarketDayHigh,95.995
33,dividendRate,1.48
34,dividendYield,0.0154
35,exDividendDate,1717372800
36,payoutRatio,0.41759998
37,fiveYearAvgDividendYield,1.01
38,beta,1.051
39,trailingPE,28.19706
40,forwardPE,24.394402
41,volume,6896628
42,regularMarketVolume,6896628
43,averageVolume,9770112
44,averageVolume10days,9111080
45,averageDailyVolume10Day,9111080
46,bidSize,1100
47,askSize,800
48,marketCap,144702341120
49,fiftyTwoWeekLow,88.66
50,fiftyTwoWeekHigh,123.39
51,priceToSalesTrailing12Months,2.8053417
52,fiftyDayAverage,92.7962
53,twoHundredDayAverage,100.598
54,trailingAnnualDividendRate,1.42
55,trailingAnnualDividendYield,0.0147916665
56,currency,USD
57,enterpriseValue,146234228736
58,profitMargins,0.10141
59,floatShares,1193268886
60,sharesOutstanding,1211459968
61,sharesShort,18335123
62,sharesShortPriorMonth,19011146
63,sharesShortPreviousMonthDate,1713139200
64,dateShortInterest,1715731200
65,sharesPercentSharesOut,0.0121
66,heldPercentInsiders,0.014099999
67,heldPercentInstitutions,0.8279
68,shortRatio,2.23
69,shortPercentOfFloat,0.0188
70,impliedSharesOutstanding,1509360000
71,bookValue,9.415
72,priceToBook,10.182688
73,lastFiscalYearEnd,1685491200
74,nextFiscalYearEnd,1717113600
75,mostRecentQuarter,1709164800
76,earningsQuarterlyGrowth,-0.055
77,netIncomeToCommon,5231000064
78,trailingEps,3.4
79,forwardEps,3.65
80,pegRatio,1.91
81,lastSplitFactor,2:1
82,lastSplitDate,1450915200
83,enterpriseToRevenue,2.835
84,enterpriseToEbitda,21.311
85,52WeekChange,-0.14938861
86,SandP52WeekChange,0.22599876
87,lastDividendValue,0.37
88,lastDividendDate,1717372800
89,exchange,NYQ
90,quoteType,EQUITY
91,symbol,NKE
92,underlyingSymbol,NKE
93,shortName,"Nike, Inc."
94,longName,"NIKE, Inc."
95,firstTradeDateEpochUtc,344615400
96,timeZoneFullName,America/New_York
97,timeZoneShortName,EDT
98,uuid,31395cb8-4595-3f3c-a5ad-b37464c2ce43
99,messageBoardId,finmb_291981
100,gmtOffSetMilliseconds,-14400000
101,currentPrice,95.87
102,targetHighPrice,130.0
103,targetLowPrice,75.0
104,targetMeanPrice,108.75
105,targetMedianPrice,113.5
106,recommendationMean,2.3
107,recommendationKey,buy
108,numberOfAnalystOpinions,34
109,totalCash,10572999680
110,totalCashPerShare,7.005
111,ebitda,6862000128
112,totalDebt,12104999936
113,quickRatio,1.672
114,currentRatio,2.741
115,totalRevenue,51581001728
116,debtToEquity,85.091
117,revenuePerShare,33.831
118,returnOnAssets,0.09891
119,returnOnEquity,0.36381
120,freeCashflow,5401124864
121,operatingCashflow,7063000064
122,earningsGrowth,-0.025
123,revenueGrowth,0.003
124,grossMargins,0.44294998
125,ebitdaMargins,0.13303
126,operatingMargins,0.107489996
127,financialCurrency,USD
128,trailingPegRatio,2.0725
