,index,0
0,address1,2788 San Tomas Expressway
1,city,Santa Clara
2,state,CA
3,zip,95051
4,country,United States
5,phone,408 486 2000
6,website,https://www.nvidia.com
7,industry,Semiconductors
8,industryKey,semiconductors
9,industryDisp,Semiconductors
10,sector,Technology
11,sectorKey,technology
12,sectorDisp,Technology
13,longBusinessSummary,"NVIDIA Corporation provides graphics and compute and networking solutions in the United States, Taiwan, China, Hong Kong, and internationally. The Graphics segment offers GeForce GPUs for gaming and PCs, the GeForce NOW game streaming service and related infrastructure, and solutions for gaming platforms; Quadro/NVIDIA RTX GPUs for enterprise workstation graphics; virtual GPU or vGPU software for cloud-based visual and virtual computing; automotive platforms for infotainment systems; and Omniverse software for building and operating metaverse and 3D internet applications. The Compute & Networking segment comprises Data Center computing platforms and end-to-end networking platforms, including Quantum for InfiniBand and Spectrum for Ethernet; NVIDIA DRIVE automated-driving platform and automotive development agreements; Jetson robotics and other embedded platforms; NVIDIA AI Enterprise and other software; and DGX Cloud software and services. The company's products are used in gaming, professional visualization, data center, and automotive markets. It sells its products to original equipment manufacturers, original device manufacturers, system integrators and distributors, independent software vendors, cloud service providers, consumer internet companies, add-in board manufacturers, distributors, automotive manufacturers and tier-1 automotive suppliers, and other ecosystem participants. NVIDIA Corporation was incorporated in 1993 and is headquartered in Santa Clara, California."
14,fullTimeEmployees,29600
15,companyOfficers,"[{'maxAge': 1, 'name': 'Mr. Jen-Hsun  Huang', 'age': 60, 'title': 'Co-Founder, CEO, President & Director', 'yearBorn': 1963, 'fiscalYear': 2024, 'totalPay': 7491487, 'exercisedValue': 217327152, 'unexercisedValue': 0}, {'maxAge': 1, 'name': 'Ms. Colette M. Kress', 'age': 56, 'title': 'Executive VP & CFO', 'yearBorn': 1967, 'fiscalYear': 2024, 'totalPay': 1510765, 'exercisedValue': 0, 'unexercisedValue': 0}, {'maxAge': 1, 'name': 'Ms. Debora  Shoquist', 'age': 68, 'title': 'Executive Vice President of Operations', 'yearBorn': 1955, 'fiscalYear': 2024, 'totalPay': 1371266, 'exercisedValue': 0, 'unexercisedValue': 0}, {'maxAge': 1, 'name': 'Mr. Timothy S. Teter', 'age': 56, 'title': 'Executive VP, General Counsel & Secretary', 'yearBorn': 1967, 'fiscalYear': 2024, 'totalPay': 1360939, 'exercisedValue': 0, 'unexercisedValue': 0}, {'maxAge': 1, 'name': 'Mr. Ajay K. Puri', 'age': 68, 'title': 'Executive Vice President of Worldwide Field Operations', 'yearBorn': 1955, 'fiscalYear': 2024, 'totalPay': 2295097, 'exercisedValue': 0, 'unexercisedValue': 0}, {'maxAge': 1, 'name': 'Mr. Chris A. Malachowsky', 'title': 'Co-Founder', 'fiscalYear': 2024, 'totalPay': 320000, 'exercisedValue': 0, 'unexercisedValue': 0}, {'maxAge': 1, 'name': 'Mr. Donald F. Robertson Jr.', 'age': 54, 'title': 'VP & Chief Accounting Officer', 'yearBorn': 1969, 'fiscalYear': 2024, 'exercisedValue': 0, 'unexercisedValue': 0}, {'maxAge': 1, 'name': 'Prof. William J. Dally Ph.D.', 'age': 62, 'title': 'Chief Scientist & Senior VP of Research', 'yearBorn': 1961, 'fiscalYear': 2024, 'exercisedValue': 0, 'unexercisedValue': 0}, {'maxAge': 1, 'name': 'Ms. Simona  Jankowski C.F.A., J.D.', 'title': 'Vice President of Investor Relations', 'fiscalYear': 2024, 'exercisedValue': 0, 'unexercisedValue': 0}, {'maxAge': 1, 'name': 'Mr. Robert  Sherbin', 'age': 64, 'title': 'Vice President of Corporate Communications', 'yearBorn': 1959, 'fiscalYear': 2024, 'exercisedValue': 0, 'unexercisedValue': 0}]"
16,auditRisk,7
17,boardRisk,10
18,compensationRisk,1
19,shareHolderRightsRisk,6
20,overallRisk,7
21,governanceEpochDate,1717200000
22,compensationAsOfEpochDate,1735603200
23,irWebsite,http://phx.corporate-ir.net/phoenix.zhtml?c=116466&p=irol-IRHome
24,maxAge,86400
25,priceHint,2
26,previousClose,121.78
27,open,121.79
28,dayLow,118.74
29,dayHigh,122.87
30,regularMarketPreviousClose,121.78
31,regularMarketOpen,121.79
32,regularMarketDayLow,118.74
33,regularMarketDayHigh,122.87
34,dividendRate,0.04
35,dividendYield,0.00029999999
36,exDividendDate,1718064000
37,payoutRatio,0.0094
38,fiveYearAvgDividendYield,0.12
39,beta,1.694
40,trailingPE,71.12353
41,forwardPE,33.586113
42,volume,220673333
43,regularMarketVolume,220673333
44,averageVolume,473193479
45,averageVolume10days,507214570
46,averageDailyVolume10Day,507214570
47,bid,120.91
48,ask,121.01
49,bidSize,200
50,askSize,200
51,marketCap,2974180704256
52,fiftyTwoWeekLow,39.23
53,fiftyTwoWeekHigh,125.587
54,priceToSalesTrailing12Months,37.28258
55,fiftyDayAverage,94.39766
56,twoHundredDayAverage,66.17318
57,trailingAnnualDividendRate,0.016
58,trailingAnnualDividendYield,0.00013138447
59,currency,USD
60,enterpriseValue,2954184884224
61,profitMargins,0.53398
62,floatShares,23597058000
63,sharesOutstanding,24598300672
64,sharesShort,27890572
65,sharesShortPriorMonth,29075362
66,sharesShortPreviousMonthDate,1713139200
67,dateShortInterest,1715731200
68,sharesPercentSharesOut,0.113400005
69,heldPercentInsiders,0.043169998
70,heldPercentInstitutions,0.67653
71,shortRatio,0.64
72,shortPercentOfFloat,0.1184
73,impliedSharesOutstanding,24598300672
74,bookValue,1.998
75,priceToBook,60.51552
76,lastFiscalYearEnd,1706400000
77,nextFiscalYearEnd,1738022400
78,mostRecentQuarter,1714262400
79,earningsQuarterlyGrowth,6.284
80,netIncomeToCommon,42597998592
81,trailingEps,1.7
82,forwardEps,3.34
83,pegRatio,0.97
84,lastSplitFactor,10:1
85,lastSplitDate,1717977600
86,enterpriseToRevenue,37.032
87,enterpriseToEbitda,59.953
88,52WeekChange,1.8325231
89,SandP52WeekChange,0.22599876
90,lastDividendValue,0.004
91,lastDividendDate,1709596800
92,exchange,NMS
93,quoteType,EQUITY
94,symbol,NVDA
95,underlyingSymbol,NVDA
96,shortName,NVIDIA Corporation
97,longName,NVIDIA Corporation
98,firstTradeDateEpochUtc,917015400
99,timeZoneFullName,America/New_York
100,timeZoneShortName,EDT
101,uuid,7f5f6a07-b148-30f4-98a2-2caa3df2aed0
102,messageBoardId,finmb_32307
103,gmtOffSetMilliseconds,-14400000
104,currentPrice,120.91
105,targetHighPrice,150.0
106,targetLowPrice,47.84
107,targetMeanPrice,116.64
108,targetMedianPrice,120.0
109,recommendationMean,1.8
110,recommendationKey,buy
111,numberOfAnalystOpinions,47
112,totalCash,31438000128
113,totalCashPerShare,1.278
114,ebitda,49274998784
115,totalDebt,11237000192
116,quickRatio,2.877
117,currentRatio,3.529
118,totalRevenue,79773999104
119,debtToEquity,22.866
120,revenuePerShare,3.234
121,returnOnAssets,0.49103
122,returnOnEquity,1.15658
123,freeCashflow,29023750144
124,operatingCashflow,40524001280
125,earningsGrowth,6.5
126,revenueGrowth,2.621
127,grossMargins,0.75286
128,ebitdaMargins,0.61768
129,operatingMargins,0.64925003
130,financialCurrency,USD
131,trailingPegRatio,0.1524
