,index,0
0,address1,2300 Oracle Way
1,city,Austin
2,state,TX
3,zip,78741
4,country,United States
5,phone,737-867-1000
6,website,https://www.oracle.com
7,industry,Software - Infrastructure
8,industryKey,software-infrastructure
9,industryDisp,Software - Infrastructure
10,sector,Technology
11,sectorKey,technology
12,sectorDisp,Technology
13,longBusinessSummary,"Oracle Corporation offers products and services that address enterprise information technology environments worldwide. Its Oracle cloud software as a service offering include various cloud software applications, including Oracle Fusion cloud enterprise resource planning (ERP), Oracle Fusion cloud enterprise performance management, Oracle Fusion cloud supply chain and manufacturing management, Oracle Fusion cloud human capital management, Oracle Cerner healthcare, Oracle Advertising, and NetSuite applications suite, as well as Oracle Fusion Sales, Service, and Marketing. The company also offers cloud-based industry solutions for various industries; Oracle application licenses; and Oracle license support services. In addition, it provides cloud and license business' infrastructure technologies, such as the Oracle Database and MySQL Database; Java, a software development language; and middleware, including development tools and others. The company's cloud and license business' infrastructure technologies also comprise cloud-based compute, storage, and networking capabilities; and Oracle autonomous database, MySQL HeatWave, Internet-of-Things, digital assistant, and blockchain. Further, it provides hardware products and other hardware-related software offerings, including Oracle engineered systems, enterprise servers, storage solutions, industry-specific hardware, virtualization software, operating systems, management software, and related hardware services; and consulting and customer services. The company markets and sells its cloud, license, hardware, support, and services offerings directly to businesses in various industries, government agencies, and educational institutions, as well as through indirect channels. The company has a collaboration with Amdocs Limited to empower customers on their journey towards cloud and digital adoption. Oracle Corporation was founded in 1977 and is headquartered in Austin, Texas."
14,fullTimeEmployees,164000
15,companyOfficers,"[{'maxAge': 1, 'name': 'Mr. Lawrence J. Ellison', 'age': 79, 'title': 'Co-Founder, Chairman & CTO', 'yearBorn': 1944, 'fiscalYear': 2023, 'totalPay': 7301933, 'exercisedValue': 266000000, 'unexercisedValue': 815142528}, {'maxAge': 1, 'name': 'Ms. Safra Ada Catz', 'age': 61, 'title': 'CEO & Director', 'yearBorn': 1962, 'fiscalYear': 2023, 'totalPay': 5250680, 'exercisedValue': 511241792, 'unexercisedValue': 317857504}, {'maxAge': 1, 'name': 'Mr. Jeffrey O. Henley', 'age': 78, 'title': 'Vice Chairman of the Board', 'yearBorn': 1945, 'fiscalYear': 2023, 'totalPay': 1074571, 'exercisedValue': 20756160, 'unexercisedValue': 125948000}, {'maxAge': 1, 'name': 'Mr. Stuart A. Levey', 'age': 59, 'title': 'Executive VP & Chief Legal Officer', 'yearBorn': 1964, 'fiscalYear': 2023, 'totalPay': 1611910, 'exercisedValue': 0, 'unexercisedValue': 0}, {'maxAge': 1, 'name': 'Mr. Edward  Screven', 'age': 57, 'title': 'Executive VP & Chief Corporate Architect', 'yearBorn': 1966, 'fiscalYear': 2023, 'totalPay': 2990657, 'exercisedValue': 36649192, 'unexercisedValue': 98910000}, {'maxAge': 1, 'name': 'Mr. Douglas A. Kehring', 'age': 50, 'title': 'Executive Vice President of Corporate Operations', 'yearBorn': 1973, 'fiscalYear': 2023, 'exercisedValue': 0, 'unexercisedValue': 0}, {'maxAge': 1, 'name': 'Ms. Maria  Smith', 'age': 56, 'title': 'Executive VP & Chief Accounting Officer', 'yearBorn': 1967, 'fiscalYear': 2023, 'exercisedValue': 0, 'unexercisedValue': 0}, {'maxAge': 1, 'name': 'Ms. Jae  Evans', 'title': 'Global Chief Information Officer & Executive VP', 'fiscalYear': 2023, 'exercisedValue': 0, 'unexercisedValue': 0}, {'maxAge': 1, 'name': 'Mr. Ken  Bond', 'title': 'Senior Vice President of Investor Relations', 'fiscalYear': 2023, 'exercisedValue': 0, 'unexercisedValue': 0}, {'maxAge': 1, 'name': 'Mr. Andrew  Morawski', 'title': 'Executive VP & GM of Communications', 'fiscalYear': 2023, 'exercisedValue': 0, 'unexercisedValue': 0}]"
16,auditRisk,9
17,boardRisk,10
18,compensationRisk,10
19,shareHolderRightsRisk,5
20,overallRisk,10
21,governanceEpochDate,1717200000
22,compensationAsOfEpochDate,1703980800
23,irWebsite,http://www.oracle.com/us/corporate/investor-relations/index.html
24,maxAge,86400
25,priceHint,2
26,previousClose,124.5
27,open,124.05
28,dayLow,122.29
29,dayHigh,124.83
30,regularMarketPreviousClose,124.5
31,regularMarketOpen,124.05
32,regularMarketDayLow,122.29
33,regularMarketDayHigh,124.83
34,dividendRate,1.6
35,dividendYield,0.0128999995
36,exDividendDate,1712620800
37,payoutRatio,0.42220002
38,fiveYearAvgDividendYield,1.53
39,beta,1.008
40,trailingPE,32.772488
41,forwardPE,19.916399
42,volume,14529607
43,regularMarketVolume,14529607
44,averageVolume,7417758
45,averageVolume10days,8493430
46,averageDailyVolume10Day,8493430
47,bidSize,900
48,askSize,1100
49,marketCap,340485406720
50,fiftyTwoWeekLow,99.26
51,fiftyTwoWeekHigh,132.77
52,priceToSalesTrailing12Months,6.4842014
53,fiftyDayAverage,120.2446
54,twoHundredDayAverage,114.30105
55,trailingAnnualDividendRate,1.6
56,trailingAnnualDividendYield,0.012851406
57,currency,USD
58,enterpriseValue,419120906240
59,profitMargins,0.20267001
60,floatShares,1594193090
61,sharesOutstanding,2748509952
62,sharesShort,15371086
63,sharesShortPriorMonth,13080826
64,sharesShortPreviousMonthDate,1713139200
65,dateShortInterest,1715731200
66,sharesPercentSharesOut,0.0056
67,heldPercentInsiders,0.41967
68,heldPercentInstitutions,0.44138
69,shortRatio,2.43
70,shortPercentOfFloat,0.0095999995
71,impliedSharesOutstanding,2904610048
72,bookValue,2.047
73,priceToBook,60.51783
74,lastFiscalYearEnd,1685491200
75,nextFiscalYearEnd,1717113600
76,mostRecentQuarter,1709164800
77,earningsQuarterlyGrowth,0.266
78,netIncomeToCommon,10641999872
79,trailingEps,3.78
80,forwardEps,5.77
81,pegRatio,2.08
82,lastSplitFactor,2:1
83,lastSplitDate,971395200
84,enterpriseToRevenue,7.982
85,enterpriseToEbitda,20.149
86,52WeekChange,0.018238306
87,SandP52WeekChange,0.22599876
88,lastDividendValue,0.4
89,lastDividendDate,1712620800
90,exchange,NYQ
91,quoteType,EQUITY
92,symbol,ORCL
93,underlyingSymbol,ORCL
94,shortName,Oracle Corporation
95,longName,Oracle Corporation
96,firstTradeDateEpochUtc,511021800
97,timeZoneFullName,America/New_York
98,timeZoneShortName,EDT
99,uuid,238bd614-c63c-3123-8e2f-66b49fcfafed
100,messageBoardId,finmb_22247
101,gmtOffSetMilliseconds,-14400000
102,currentPrice,123.88
103,targetHighPrice,160.0
104,targetLowPrice,105.0
105,targetMeanPrice,140.34
106,targetMedianPrice,144.5
107,recommendationMean,2.2
108,recommendationKey,buy
109,numberOfAnalystOpinions,26
110,totalCash,9904000000
111,totalCashPerShare,3.603
112,ebitda,20800999424
113,totalDebt,87979999232
114,quickRatio,0.691
115,currentRatio,0.846
116,totalRevenue,52509999104
117,debtToEquity,1423.164
118,revenuePerShare,19.215
119,returnOnAssets,0.07121
120,returnOnEquity,4.98454
121,freeCashflow,12082124800
122,operatingCashflow,18239000576
123,earningsGrowth,0.25
124,revenueGrowth,0.071
125,grossMargins,0.71531
126,ebitdaMargins,0.39613
127,operatingMargins,0.28983
128,financialCurrency,USD
129,trailingPegRatio,1.3778
