,index,0
0,address1,700 Anderson Hill Road
1,city,Purchase
2,state,NY
3,zip,10577
4,country,United States
5,phone,914 253 2000
6,website,https://www.pepsico.com
7,industry,Beverages - Non-Alcoholic
8,industryKey,beverages-non-alcoholic
9,industryDisp,Beverages - Non - Alcoholic
10,sector,Consumer Defensive
11,sectorKey,consumer-defensive
12,sectorDisp,Consumer Defensive
13,longBusinessSummary,"PepsiCo, Inc. engages in the manufacture, marketing, distribution, and sale of various beverages and convenient foods worldwide. The company operates through seven segments: Frito-Lay North America; Quaker Foods North America; PepsiCo Beverages North America; Latin America; Europe; Africa, Middle East and South Asia; and Asia Pacific, Australia and New Zealand and China Region. It provides dips, cheese-flavored snacks, and spreads, as well as corn, potato, and tortilla chips; cereals, rice, pasta, mixes and syrups, granola bars, grits, oatmeal, rice cakes, and side dishes; beverage concentrates, fountain syrups, and finished goods; ready-to-drink tea, coffee, and juices; dairy products; and sparkling water makers and related products, as well as distributes alcoholic beverages under Hard MTN Dew brand. The company offers its products primarily under the Lay's, Doritos, Fritos, Tostitos, BaiCaoWei, Cheetos, Cap'n Crunch, Life, Pearl Milling Company, Gatorade, Pepsi-Cola, Mountain Dew, Quaker, Rice-A-Roni, Aquafina, Bubly, Emperador, Diet Mountain Dew, Diet Pepsi, Gatorade Zero, Crush, Propel, Dr Pepper, Schweppes, Marias Gamesa, Ruffles, Sabritas, Saladitas, Tostitos, 7UP, Diet 7UP, H2oh!, Manzanita Sol, Mirinda, Pepsi Black, Pepsi Max, San Carlos, Toddy, Walkers, Chipsy, Kurkure, Sasko, Spekko, White Star, Smith's, Sting, SodaStream, Lubimyj Sad, Agusha, Chudo, Domik v Derevne, Lipton, and other brands. It serves wholesale and other distributors, foodservice customers, grocery stores, drug stores, convenience stores, discount/dollar stores, mass merchandisers, membership stores, hard discounters, e-commerce retailers and authorized independent bottlers, and others through a network of direct-store-delivery, customer warehouse, and distributor networks, as well as directly to consumers through e-commerce platforms and retailers. The company was founded in 1898 and is based in Purchase, New York."
14,fullTimeEmployees,318000
15,companyOfficers,"[{'maxAge': 1, 'name': 'Mr. Ramon Luis Laguarta', 'age': 59, 'title': 'Chairman & CEO', 'yearBorn': 1964, 'fiscalYear': 2023, 'totalPay': 15929938, 'exercisedValue': 0, 'unexercisedValue': 0}, {'maxAge': 1, 'name': 'Mr. James T. Caulfield', 'age': 63, 'title': 'Executive VP & CFO', 'yearBorn': 1960, 'fiscalYear': 2023, 'totalPay': 6931790, 'exercisedValue': 0, 'unexercisedValue': 447644}, {'maxAge': 1, 'name': 'Mr. Silviu Yeugeniu Popovici', 'age': 55, 'title': 'Chief Executive Officer of Europe', 'yearBorn': 1968, 'fiscalYear': 2023, 'totalPay': 5149907, 'exercisedValue': 0, 'unexercisedValue': 0}, {'maxAge': 1, 'name': 'Mr. Steven C. Williams', 'age': 57, 'title': 'Chief Executive Officer of PepsiCo Foods North America', 'yearBorn': 1966, 'fiscalYear': 2023, 'totalPay': 4554939, 'exercisedValue': 0, 'unexercisedValue': 0}, {'maxAge': 1, 'name': 'Mr. Gregg  Roden', 'title': 'Executive VP & COO', 'fiscalYear': 2023, 'exercisedValue': 0, 'unexercisedValue': 0}, {'maxAge': 1, 'name': 'Mr. Rene  Lammers', 'title': 'Executive VP & Chief Science Officer', 'fiscalYear': 2023, 'exercisedValue': 0, 'unexercisedValue': 0}, {'maxAge': 1, 'name': 'Mr. David J. Flavell', 'age': 51, 'title': 'Executive VP, General Counsel & Corporate Secretary', 'yearBorn': 1972, 'fiscalYear': 2023, 'exercisedValue': 0, 'unexercisedValue': 0}, {'maxAge': 1, 'name': 'Ms. Yashika  Singh', 'title': 'Head of Corporate Affairs, Communication & Sustainability', 'fiscalYear': 2023, 'exercisedValue': 0, 'unexercisedValue': 0}, {'maxAge': 1, 'name': 'Ms. Jane Caroline Wakely', 'age': 51, 'title': 'Executive VP, Chief Consumer & Marketing Officer and Chief Growth Officer of International Foods', 'yearBorn': 1972, 'fiscalYear': 2023, 'exercisedValue': 0, 'unexercisedValue': 0}, {'maxAge': 1, 'name': 'Ms. Rebecca  Schmitt', 'age': 49, 'title': 'Executive VP & Chief Human Resources Officer', 'yearBorn': 1974, 'fiscalYear': 2023, 'exercisedValue': 0, 'unexercisedValue': 0}]"
16,auditRisk,9
17,boardRisk,6
18,compensationRisk,5
19,shareHolderRightsRisk,3
20,overallRisk,5
21,governanceEpochDate,1717200000
22,compensationAsOfEpochDate,1703980800
23,irWebsite,http://www.pepsico.com/Investors.html
24,maxAge,86400
25,priceHint,2
26,previousClose,165.9
27,open,164.87
28,dayLow,163.51
29,dayHigh,165.46
30,regularMarketPreviousClose,165.9
31,regularMarketOpen,164.87
32,regularMarketDayLow,163.51
33,regularMarketDayHigh,165.46
34,dividendRate,5.42
35,dividendYield,0.0327
36,exDividendDate,1717718400
37,payoutRatio,0.76199996
38,fiveYearAvgDividendYield,2.74
39,beta,0.531
40,trailingPE,24.859941
41,forwardPE,18.694225
42,volume,7230638
43,regularMarketVolume,7230638
44,averageVolume,5310370
45,averageVolume10days,5710230
46,averageDailyVolume10Day,5710230
47,bid,165.04
48,ask,165.11
49,bidSize,300
50,askSize,300
51,marketCap,226936602624
52,fiftyTwoWeekLow,155.83
53,fiftyTwoWeekHigh,192.38
54,priceToSalesTrailing12Months,2.4700582
55,fiftyDayAverage,174.34
56,twoHundredDayAverage,170.1425
57,trailingAnnualDividendRate,5.06
58,trailingAnnualDividendYield,0.030500302
59,currency,USD
60,enterpriseValue,264596914176
61,profitMargins,0.09996
62,floatShares,1371362763
63,sharesOutstanding,1374790016
64,sharesShort,16301239
65,sharesShortPriorMonth,15668125
66,sharesShortPreviousMonthDate,1713139200
67,dateShortInterest,1715731200
68,sharesPercentSharesOut,0.0119
69,heldPercentInsiders,0.0015199999
70,heldPercentInstitutions,0.76851
71,shortRatio,3.29
72,shortPercentOfFloat,0.0119
73,impliedSharesOutstanding,1380669952
74,bookValue,13.852
75,priceToBook,11.916691
76,lastFiscalYearEnd,1703894400
77,nextFiscalYearEnd,1735516800
78,mostRecentQuarter,1711152000
79,earningsQuarterlyGrowth,0.057
80,netIncomeToCommon,9184000000
81,trailingEps,6.64
82,forwardEps,8.83
83,pegRatio,2.84
84,lastSplitFactor,2:1
85,lastSplitDate,833328000
86,enterpriseToRevenue,2.88
87,enterpriseToEbitda,16.15
88,52WeekChange,-0.094284
89,SandP52WeekChange,0.22599876
90,lastDividendValue,1.355
91,lastDividendDate,1717718400
92,exchange,NMS
93,quoteType,EQUITY
94,symbol,PEP
95,underlyingSymbol,PEP
96,shortName,"Pepsico, Inc."
97,longName,"PepsiCo, Inc."
98,firstTradeDateEpochUtc,76253400
99,timeZoneFullName,America/New_York
100,timeZoneShortName,EDT
101,uuid,06e446cd-76a5-3a81-a6f5-7333bc200639
102,messageBoardId,finmb_32854
103,gmtOffSetMilliseconds,-14400000
104,currentPrice,165.07
105,targetHighPrice,210.0
106,targetLowPrice,151.0
107,targetMeanPrice,187.98
108,targetMedianPrice,186.0
109,recommendationMean,2.3
110,recommendationKey,buy
111,numberOfAnalystOpinions,21
112,totalCash,8350000128
113,totalCashPerShare,6.074
114,ebitda,16384000000
115,totalDebt,45867999232
116,quickRatio,0.638
117,currentRatio,0.86
118,totalRevenue,91875000320
119,debtToEquity,239.02
120,revenuePerShare,66.806
121,returnOnAssets,0.08768
122,returnOnEquity,0.5095
123,freeCashflow,6422750208
124,operatingCashflow,12792999936
125,earningsGrowth,0.057
126,revenueGrowth,0.023
127,grossMargins,0.54150003
128,ebitdaMargins,0.17833
129,operatingMargins,0.15973
130,financialCurrency,USD
131,trailingPegRatio,1.9751
