,index,0
0,address1,66 Hudson Boulevard East
1,city,New York
2,state,NY
3,zip,10001-2192
4,country,United States
5,phone,212 733 2323
6,website,https://www.pfizer.com
7,industry,Drug Manufacturers - General
8,industryKey,drug-manufacturers-general
9,industryDisp,Drug Manufacturers - General
10,sector,Healthcare
11,sectorKey,healthcare
12,sectorDisp,Healthcare
13,longBusinessSummary,"Pfizer Inc. discovers, develops, manufactures, markets, distributes, and sells biopharmaceutical products in the United States, Europe, and internationally. The company offers medicines and vaccines in various therapeutic areas, including cardiovascular metabolic, migraine, and women's health under the Eliquis, Nurtec ODT/Vydura, Zavzpret, and the Premarin family brands; infectious diseases with unmet medical needs under the Prevnar family, Abrysvo, Nimenrix, FSME/IMMUN-TicoVac, and Trumenba brands; and COVID-19 prevention and treatment, and potential future mRNA and antiviral products under the Comirnaty and Paxlovid brands. It also provides medicines and vaccines in various therapeutic areas, such as biosimilars for chronic immune and inflammatory diseases under the Xeljanz, Enbrel, Inflectra, Litfulo, Velsipity, and Cibinqo brands; amyloidosis, hemophilia, endocrine diseases, and sickle cell disease under the Vyndaqel family, Oxbryta, BeneFIX, Somavert, Ngenla, and Genotropin brands; sterile injectable and anti-infective medicines under the Sulperazon, Medrol, Zavicefta, Zithromax, and Panzyga brands; and biologics, small molecules, immunotherapies, and biosimilars under the Ibrance, Xtandi, Inlyta, Bosulif, Mektovi, Padcev, Adcetris, Talzenna, Tukysa, Elrexfio, Tivdak, Lorbrena, and Braftovi brands. In addition, the company involved in the contract manufacturing business. It serves wholesalers, retailers, hospitals, clinics, government agencies, pharmacies, individual provider offices, retail pharmacies, and integrated delivery systems. The company has collaboration agreements with Bristol-Myers Squibb Company; Astellas Pharma US, Inc.; Merck KGaA; and BioNTech SE. Pfizer Inc. was founded in 1849 and is headquartered in New York, New York."
14,fullTimeEmployees,88000
15,companyOfficers,"[{'maxAge': 1, 'name': 'Dr. Albert  Bourla D.V.M., Ph.D.', 'age': 61, 'title': 'Chairman of the Board & CEO', 'yearBorn': 1962, 'fiscalYear': 2023, 'totalPay': 4046754, 'exercisedValue': 0, 'unexercisedValue': 185127}, {'maxAge': 1, 'name': 'Mr. David M. Denton', 'age': 58, 'title': 'Chief Financial Officer & Executive VP', 'yearBorn': 1965, 'fiscalYear': 2023, 'totalPay': 1748039, 'exercisedValue': 0, 'unexercisedValue': 0}, {'maxAge': 1, 'name': 'Dr. Mikael  Dolsten M.D., Ph.D.', 'age': 65, 'title': 'Chief Scientific Officer and President of Research & Development', 'yearBorn': 1958, 'fiscalYear': 2023, 'totalPay': 2408897, 'exercisedValue': 0, 'unexercisedValue': 0}, {'maxAge': 1, 'name': 'Mr. Douglas M. Lankler', 'age': 57, 'title': 'Executive VP & General Counsel', 'yearBorn': 1966, 'fiscalYear': 2023, 'totalPay': 1760205, 'exercisedValue': 0, 'unexercisedValue': 138845}, {'maxAge': 1, 'name': 'Ms. Jennifer B. Damico', 'age': 55, 'title': 'Senior VP, Controller & Principal Accounting Officer', 'yearBorn': 1968, 'fiscalYear': 2023, 'exercisedValue': 0, 'unexercisedValue': 0}, {'maxAge': 1, 'name': 'Ms. Lidia L. Fonseca', 'age': 54, 'title': 'Executive VP and Chief Digital & Technology Officer', 'yearBorn': 1969, 'fiscalYear': 2023, 'exercisedValue': 0, 'unexercisedValue': 0}, {'maxAge': 1, 'name': 'Ms. Francesca M. DeMartino', 'title': 'Chief Investor Relations Officer', 'fiscalYear': 2023, 'exercisedValue': 0, 'unexercisedValue': 0}, {'maxAge': 1, 'name': 'Mr. Rady A. Johnson', 'age': 61, 'title': 'Executive VP and Chief Compliance, Quality & Risk Officer', 'yearBorn': 1962, 'fiscalYear': 2023, 'exercisedValue': 0, 'unexercisedValue': 0}, {'maxAge': 1, 'name': 'Mr. Andreas J. Panayiotou', 'title': 'Global Chief Marketing Officer', 'fiscalYear': 2023, 'exercisedValue': 0, 'unexercisedValue': 0}, {'maxAge': 1, 'name': 'Ms. Payal Sahni Becher', 'age': 48, 'title': 'Chief People Experience Officer & Executive VP', 'yearBorn': 1975, 'fiscalYear': 2023, 'exercisedValue': 0, 'unexercisedValue': 0}]"
16,auditRisk,10
17,boardRisk,8
18,compensationRisk,7
19,shareHolderRightsRisk,1
20,overallRisk,7
21,governanceEpochDate,1717200000
22,compensationAsOfEpochDate,1703980800
23,irWebsite,http://www.pfizer.com/investors/
24,maxAge,86400
25,priceHint,2
26,previousClose,28.07
27,open,27.95
28,dayLow,27.89
29,dayHigh,28.33
30,regularMarketPreviousClose,28.07
31,regularMarketOpen,27.95
32,regularMarketDayLow,27.89
33,regularMarketDayHigh,28.33
34,dividendRate,1.68
35,dividendYield,0.059899997
36,exDividendDate,1715212800
37,payoutRatio,4.4323997
38,fiveYearAvgDividendYield,4.06
39,beta,0.641
40,forwardPE,10.2674
41,volume,27901075
42,regularMarketVolume,27901075
43,averageVolume,39130938
44,averageVolume10days,36995690
45,averageDailyVolume10Day,36995690
46,bidSize,2900
47,askSize,4000
48,marketCap,158834524160
49,fiftyTwoWeekLow,25.2
50,fiftyTwoWeekHigh,40.36
51,priceToSalesTrailing12Months,2.8937404
52,fiftyDayAverage,27.4836
53,twoHundredDayAverage,29.30735
54,trailingAnnualDividendRate,1.65
55,trailingAnnualDividendYield,0.058781616
56,currency,USD
57,enterpriseValue,217083592704
58,profitMargins,-0.00563
59,floatShares,5658376338
60,sharesOutstanding,5666590208
61,sharesShort,70223845
62,sharesShortPriorMonth,68062599
63,sharesShortPreviousMonthDate,1713139200
64,dateShortInterest,1715731200
65,sharesPercentSharesOut,0.0124
66,heldPercentInsiders,0.00048000002
67,heldPercentInstitutions,0.68542
68,shortRatio,1.6
69,shortPercentOfFloat,0.0124
70,impliedSharesOutstanding,5666590208
71,bookValue,16.284
72,priceToBook,1.7213216
73,lastFiscalYearEnd,1703980800
74,nextFiscalYearEnd,1735603200
75,mostRecentQuarter,1711843200
76,earningsQuarterlyGrowth,-0.438
77,netIncomeToCommon,-288000000
78,trailingEps,-0.05
79,forwardEps,2.53
80,pegRatio,-22.53
81,lastSplitFactor,1054:1000
82,lastSplitDate,1605571200
83,enterpriseToRevenue,3.955
84,enterpriseToEbitda,22.564
85,52WeekChange,-0.28683943
86,SandP52WeekChange,0.22599876
87,lastDividendValue,0.42
88,lastDividendDate,1715212800
89,exchange,NYQ
90,quoteType,EQUITY
91,symbol,PFE
92,underlyingSymbol,PFE
93,shortName,"Pfizer, Inc."
94,longName,Pfizer Inc.
95,firstTradeDateEpochUtc,76253400
96,timeZoneFullName,America/New_York
97,timeZoneShortName,EDT
98,uuid,72e0dcbd-2b61-3bbf-a98a-8b2df7c4850c
99,messageBoardId,finmb_162270
100,gmtOffSetMilliseconds,-14400000
101,currentPrice,28.03
102,targetHighPrice,45.0
103,targetLowPrice,27.0
104,targetMeanPrice,31.46
105,targetMedianPrice,30.47
106,recommendationMean,2.5
107,recommendationKey,buy
108,numberOfAnalystOpinions,22
109,totalCash,11928999936
110,totalCashPerShare,2.105
111,ebitda,9621000192
112,totalDebt,69902000128
113,quickRatio,0.67
114,currentRatio,1.047
115,totalRevenue,54889000960
116,debtToEquity,75.522
117,revenuePerShare,9.717
118,returnOnAssets,0.0093
119,returnOnEquity,-0.00262
120,freeCashflow,3464875008
121,operatingCashflow,8577999872
122,earningsGrowth,-0.434
123,revenueGrowth,-0.195
124,grossMargins,0.59413
125,ebitdaMargins,0.17528
126,operatingMargins,0.31631002
127,financialCurrency,USD
128,trailingPegRatio,0.9869
