,index,0
0,address1,One Procter & Gamble Plaza
1,city,Cincinnati
2,state,OH
3,zip,45202
4,country,United States
5,phone,513 983 1100
6,website,https://www.pginvestor.com
7,industry,Household & Personal Products
8,industryKey,household-personal-products
9,industryDisp,Household & Personal Products
10,sector,Consumer Defensive
11,sectorKey,consumer-defensive
12,sectorDisp,Consumer Defensive
13,longBusinessSummary,"The Procter & Gamble Company provides branded consumer packaged goods worldwide. It operates through five segments: Beauty; Grooming; Health Care; Fabric & Home Care; and Baby, Feminine & Family Care. The Beauty segment offers conditioners, shampoos, styling aids, and treatments under the Head & Shoulders, Herbal Essences, Pantene, and Rejoice brands; and antiperspirants and deodorants, personal cleansing, and skin care products under the Olay, Old Spice, Safeguard, Secret, and SK-II brands. The Grooming segment provides shave care products and appliances under the Braun, Gillette, and Venus brand names. The Health Care segment offers toothbrushes, toothpastes, and other oral care products under the Crest and Oral-B brand names; and gastrointestinal, rapid diagnostics, respiratory, vitamins/minerals/supplements, pain relief, and other personal health care products under the Metamucil, Neurobion, Pepto-Bismol, and Vicks brands. The Fabric & Home Care segment provides fabric enhancers, laundry additives, and laundry detergents under the Ariel, Downy, Gain, and Tide brands; and air care, dish care, P&G professional, and surface care products under the Cascade, Dawn, Fairy, Febreze, Mr. Clean, and Swiffer brands. The Baby, Feminine & Family Care segment offers baby wipes, taped diapers, and pants under the Luvs and Pampers brands; adult incontinence and feminine care products under the Always, Always Discreet, and Tampax brands; and paper towels, tissues, and toilet papers under the Bounty, Charmin, and Puffs brands. The company sells its products primarily through mass merchandisers, e-commerce, grocery stores, membership club stores, drug stores, department stores, distributors, wholesalers, specialty beauty stores, high-frequency stores, pharmacies, electronics stores, and professional channels, as well as directly to consumers. The Procter & Gamble Company was founded in 1837 and is headquartered in Cincinnati, Ohio."
14,fullTimeEmployees,107000
15,companyOfficers,"[{'maxAge': 1, 'name': 'Mr. Jon R. Moeller', 'age': 59, 'title': 'President, CEO & Chairman of the Board', 'yearBorn': 1964, 'fiscalYear': 2023, 'totalPay': 6718062, 'exercisedValue': 11523920, 'unexercisedValue': 15191089}, {'maxAge': 1, 'name': 'Mr. Andre  Schulten', 'age': 52, 'title': 'Chief Financial Officer', 'yearBorn': 1971, 'fiscalYear': 2023, 'totalPay': 2548841, 'exercisedValue': 1319224, 'unexercisedValue': 7077850}, {'maxAge': 1, 'name': 'Mr. Shailesh G. Jejurikar', 'age': 56, 'title': 'Chief Operating Officer', 'yearBorn': 1967, 'fiscalYear': 2023, 'totalPay': 3044239, 'exercisedValue': 2347940, 'unexercisedValue': 25525736}, {'maxAge': 1, 'name': 'Ms. R. Alexandra Keith', 'age': 55, 'title': 'Chief Executive Officer of Beauty & Executive Sponsor of Corporate Sustainability', 'yearBorn': 1968, 'fiscalYear': 2023, 'totalPay': 2555599, 'exercisedValue': 1847665, 'unexercisedValue': 2125512}, {'maxAge': 1, 'name': 'Ms. Ma. Fatima de Vera Francisco', 'age': 54, 'title': 'Chief Executive Officer of Baby, Feminine & Family Care', 'yearBorn': 1969, 'fiscalYear': 2023, 'totalPay': 2744506, 'exercisedValue': 5175992, 'unexercisedValue': 21442908}, {'maxAge': 1, 'name': 'Mr. Matthew W. Janzaruk', 'age': 49, 'title': 'Senior VP & Chief Accounting Officer', 'yearBorn': 1974, 'fiscalYear': 2023, 'exercisedValue': 0, 'unexercisedValue': 0}, {'maxAge': 1, 'name': 'Mr. John T. Chevalier', 'title': 'Senior Vice President of Investor Relations', 'fiscalYear': 2023, 'exercisedValue': 0, 'unexercisedValue': 0}, {'maxAge': 1, 'name': 'Ms. Susan Street Whaley', 'age': 49, 'title': 'Chief Legal Officer & Secretary', 'yearBorn': 1974, 'fiscalYear': 2023, 'exercisedValue': 0, 'unexercisedValue': 0}, {'maxAge': 1, 'name': 'Mr. Ken  Patel', 'title': 'Chief Ethics & Compliance Officer and Chief Patent Counsel', 'fiscalYear': 2023, 'exercisedValue': 0, 'unexercisedValue': 0}, {'maxAge': 1, 'name': 'Mr. Damon D. Jones', 'age': 47, 'title': 'Chief Communications Officer', 'yearBorn': 1976, 'fiscalYear': 2023, 'exercisedValue': 0, 'unexercisedValue': 0}]"
16,auditRisk,8
17,boardRisk,5
18,compensationRisk,1
19,shareHolderRightsRisk,5
20,overallRisk,3
21,governanceEpochDate,1717200000
22,compensationAsOfEpochDate,1703980800
23,irWebsite,http://www.pg.com/en_US/investors/index.shtml
24,maxAge,86400
25,priceHint,2
26,previousClose,167.35
27,open,166.97
28,dayLow,166.02
29,dayHigh,167.5
30,regularMarketPreviousClose,167.35
31,regularMarketOpen,166.97
32,regularMarketDayLow,166.02
33,regularMarketDayHigh,167.5
34,dividendRate,4.03
35,dividendYield,0.0241
36,exDividendDate,1713398400
37,payoutRatio,0.6148
38,fiveYearAvgDividendYield,2.42
39,beta,0.414
40,trailingPE,27.32137
41,forwardPE,24.028694
42,volume,3939886
43,regularMarketVolume,3939886
44,averageVolume,6224312
45,averageVolume10days,5824400
46,averageDailyVolume10Day,5824400
47,bidSize,1300
48,askSize,1100
49,marketCap,395276255232
50,fiftyTwoWeekLow,141.45
51,fiftyTwoWeekHigh,168.97
52,priceToSalesTrailing12Months,4.702311
53,fiftyDayAverage,162.547
54,twoHundredDayAverage,154.92625
55,trailingAnnualDividendRate,3.763
56,trailingAnnualDividendYield,0.022485808
57,currency,USD
58,enterpriseValue,421505466368
59,profitMargins,0.17994
60,floatShares,2356477072
61,sharesOutstanding,2360140032
62,sharesShort,19177180
63,sharesShortPriorMonth,14994824
64,sharesShortPreviousMonthDate,1713139200
65,dateShortInterest,1715731200
66,sharesPercentSharesOut,0.0081
67,heldPercentInsiders,0.00090000004
68,heldPercentInstitutions,0.68433
69,shortRatio,2.95
70,shortPercentOfFloat,0.0081
71,impliedSharesOutstanding,2360140032
72,bookValue,20.87
73,priceToBook,8.024916
74,lastFiscalYearEnd,1688083200
75,nextFiscalYearEnd,1719705600
76,mostRecentQuarter,1711843200
77,earningsQuarterlyGrowth,0.105
78,netIncomeToCommon,14844999680
79,trailingEps,6.13
80,forwardEps,6.97
81,pegRatio,3.22
82,lastSplitFactor,2:1
83,lastSplitDate,1087776000
84,enterpriseToRevenue,5.014
85,enterpriseToEbitda,17.405
86,52WeekChange,0.14294493
87,SandP52WeekChange,0.22599876
88,lastDividendValue,1.007
89,lastDividendDate,1713398400
90,exchange,NYQ
91,quoteType,EQUITY
92,symbol,PG
93,underlyingSymbol,PG
94,shortName,Procter & Gamble Company (The)
95,longName,The Procter & Gamble Company
96,firstTradeDateEpochUtc,-252322200
97,timeZoneFullName,America/New_York
98,timeZoneShortName,EDT
99,uuid,49f38fe0-3598-34d6-bf4a-0a8791c9c8b9
100,messageBoardId,finmb_33328
101,gmtOffSetMilliseconds,-14400000
102,currentPrice,167.48
103,targetHighPrice,183.0
104,targetLowPrice,156.0
105,targetMeanPrice,171.82
106,targetMedianPrice,174.0
107,recommendationMean,2.1
108,recommendationKey,buy
109,numberOfAnalystOpinions,23
110,totalCash,6828000256
111,totalCashPerShare,2.893
112,ebitda,24217999360
113,totalDebt,31982000128
114,quickRatio,0.4
115,currentRatio,0.694
116,totalRevenue,84059996160
117,debtToEquity,63.541
118,revenuePerShare,35.616
119,returnOnAssets,0.111590005
120,returnOnEquity,0.31794
121,freeCashflow,12286999552
122,operatingCashflow,19433000960
123,earningsGrowth,0.106
124,revenueGrowth,0.006
125,grossMargins,0.51464003
126,ebitdaMargins,0.2881
127,operatingMargins,0.22941
128,financialCurrency,USD
129,trailingPegRatio,3.5514
