,index,0
0,address1,2331 CityWest Boulevard
1,city,Houston
2,state,TX
3,zip,77042
4,country,United States
5,phone,832 765 3010
6,website,https://www.phillips66.com
7,industry,Oil & Gas Refining & Marketing
8,industryKey,oil-gas-refining-marketing
9,industryDisp,Oil & Gas Refining & Marketing
10,sector,Energy
11,sectorKey,energy
12,sectorDisp,Energy
13,longBusinessSummary,"Phillips 66 operates as an energy manufacturing and logistics company in the United States, the United Kingdom, Germany, and internationally. It operates through four segments: Midstream, Chemicals, Refining, and Marketing and Specialties (M&S). The Midstream segment transports crude oil and other feedstocks; delivers refined petroleum products to market; provides terminaling and storage services for crude oil and refined petroleum products; transports, stores, fractionates, exports, and markets natural gas liquids; provides other fee-based processing services; and gathers, processes, transports, and markets natural gas. The Chemicals segment produces and markets ethylene and other olefin products; aromatics and styrenics products, such as benzene, cyclohexane, styrene, and polystyrene; and various specialty chemical products, including organosulfur chemicals, solvents, catalysts, and chemicals used in drilling and mining. The Refining segment refines crude oil and other feedstocks into petroleum products, such as gasolines, distillates, aviation, and renewable. The M&S segment purchases for resale and markets refined petroleum products, including gasolines, distillates, and aviation fuels. This segment also manufactures and markets specialty products, such as base oils and lubricants. Phillips 66 was founded in 1875 and is headquartered in Houston, Texas."
14,fullTimeEmployees,14000
15,companyOfficers,"[{'maxAge': 1, 'name': 'Mr. Mark E. Lashier', 'age': 61, 'title': 'President, CEO & Chairman', 'yearBorn': 1962, 'fiscalYear': 2023, 'totalPay': 6374572, 'exercisedValue': 0, 'unexercisedValue': 5476418}, {'maxAge': 1, 'name': 'Mr. Kevin J. Mitchell', 'age': 57, 'title': 'Executive VP & CFO', 'yearBorn': 1966, 'fiscalYear': 2023, 'totalPay': 2921200, 'exercisedValue': 3349149, 'unexercisedValue': 10754364}, {'maxAge': 1, 'name': 'Mr. Brian M. Mandell', 'age': 59, 'title': 'Executive Vice President of Marketing & Commercial', 'yearBorn': 1964, 'fiscalYear': 2023, 'totalPay': 2375574, 'exercisedValue': 113130, 'unexercisedValue': 7400493}, {'maxAge': 1, 'name': 'Ms. Tandra  Perkins', 'title': 'Senior VP and Chief Digital & Administrative Officer', 'fiscalYear': 2023, 'exercisedValue': 0, 'unexercisedValue': 0}, {'maxAge': 1, 'name': 'Mr. Jeffrey Alan Dietert', 'title': 'Vice President of Investor Relations', 'fiscalYear': 2023, 'exercisedValue': 0, 'unexercisedValue': 0}, {'maxAge': 1, 'name': 'Ms. Vanessa L. Allen Sutherland', 'age': 51, 'title': 'Executive VP of Government Affairs, General Counsel & Corporate Secretary', 'yearBorn': 1972, 'fiscalYear': 2023, 'totalPay': 1842087, 'exercisedValue': 0, 'unexercisedValue': 0}, {'maxAge': 1, 'name': 'Mr. Andrez  Carberry', 'title': 'Senior VP & Chief Human Resources Officer', 'fiscalYear': 2023, 'exercisedValue': 0, 'unexercisedValue': 0}, {'maxAge': 1, 'name': 'Ms. Zhanna  Golodryga', 'age': 67, 'title': 'Executive Vice President of Emerging Energy & Sustainability', 'yearBorn': 1956, 'fiscalYear': 2023, 'exercisedValue': 0, 'unexercisedValue': 0}, {'maxAge': 1, 'name': 'Mr. Thaddeus  Herrick', 'title': 'Head of Executive Communications', 'fiscalYear': 2023, 'exercisedValue': 0, 'unexercisedValue': 0}, {'maxAge': 1, 'name': 'Mr. David  Erfert', 'title': 'Senior VP & Chief Transformation Officer', 'fiscalYear': 2023, 'exercisedValue': 0, 'unexercisedValue': 0}]"
16,auditRisk,9
17,boardRisk,7
18,compensationRisk,3
19,shareHolderRightsRisk,9
20,overallRisk,8
21,governanceEpochDate,1717200000
22,compensationAsOfEpochDate,1703980800
23,maxAge,86400
24,priceHint,2
25,previousClose,138.12
26,open,136.94
27,dayLow,135.475
28,dayHigh,138.33
29,regularMarketPreviousClose,138.12
30,regularMarketOpen,136.94
31,regularMarketDayLow,135.475
32,regularMarketDayHigh,138.33
33,dividendRate,4.6
34,dividendYield,0.033299997
35,exDividendDate,1715904000
36,payoutRatio,0.32279998
37,fiveYearAvgDividendYield,4.26
38,beta,1.361
39,trailingPE,10.629515
40,forwardPE,9.835703
41,volume,1691966
42,regularMarketVolume,1691966
43,averageVolume,2492625
44,averageVolume10days,2223160
45,averageDailyVolume10Day,2223160
46,bidSize,1100
47,askSize,1200
48,marketCap,58628321280
49,fiftyTwoWeekLow,89.74
50,fiftyTwoWeekHigh,174.08
51,priceToSalesTrailing12Months,0.39397046
52,fiftyDayAverage,150.5608
53,twoHundredDayAverage,134.697
54,trailingAnnualDividendRate,4.2
55,trailingAnnualDividendYield,0.03040834
56,currency,USD
57,enterpriseValue,78207270912
58,profitMargins,0.03899
59,floatShares,422358075
60,sharesOutstanding,423952000
61,sharesShort,8526834
62,sharesShortPriorMonth,8056980
63,sharesShortPreviousMonthDate,1713139200
64,dateShortInterest,1715731200
65,sharesPercentSharesOut,0.0201
66,heldPercentInsiders,0.00418
67,heldPercentInstitutions,0.76891
68,shortRatio,3.72
69,shortPercentOfFloat,0.0202
70,impliedSharesOutstanding,423952000
71,bookValue,70.116
72,priceToBook,1.972303
73,lastFiscalYearEnd,1703980800
74,nextFiscalYearEnd,1735603200
75,mostRecentQuarter,1711843200
76,earningsQuarterlyGrowth,-0.619
77,netIncomeToCommon,5792000000
78,trailingEps,13.01
79,forwardEps,14.06
80,pegRatio,-2.0
81,enterpriseToRevenue,0.526
82,enterpriseToEbitda,9.11
83,52WeekChange,0.4432602
84,SandP52WeekChange,0.22599876
85,lastDividendValue,1.15
86,lastDividendDate,1715904000
87,exchange,NYQ
88,quoteType,EQUITY
89,symbol,PSX
90,underlyingSymbol,PSX
91,shortName,Phillips 66
92,longName,Phillips 66
93,firstTradeDateEpochUtc,1334237400
94,timeZoneFullName,America/New_York
95,timeZoneShortName,EDT
96,uuid,6fbece3e-56c2-320b-b268-a2144205769e
97,messageBoardId,finmb_27306532
98,gmtOffSetMilliseconds,-14400000
99,currentPrice,138.29
100,targetHighPrice,191.0
101,targetLowPrice,147.0
102,targetMeanPrice,165.59
103,targetMedianPrice,162.0
104,recommendationMean,2.1
105,recommendationKey,buy
106,numberOfAnalystOpinions,15
107,totalCash,1570000000
108,totalCashPerShare,3.703
109,ebitda,8584999936
110,totalDebt,20153999360
111,quickRatio,0.742
112,currentRatio,1.172
113,totalRevenue,148814004224
114,debtToEquity,65.45
115,revenuePerShare,337.314
116,returnOnAssets,0.05353
117,returnOnEquity,0.18028
118,freeCashflow,1231374976
119,operatingCashflow,5593999872
120,earningsGrowth,-0.588
121,revenueGrowth,0.041
122,grossMargins,0.11883
123,ebitdaMargins,0.057690002
124,operatingMargins,0.02167
125,financialCurrency,USD
126,trailingPegRatio,
