,index,0
0,address1,2401 Utah Avenue South
1,city,Seattle
2,state,WA
3,zip,98134
4,country,United States
5,phone,206 447 1575
6,website,https://www.starbucks.com
7,industry,Restaurants
8,industryKey,restaurants
9,industryDisp,Restaurants
10,sector,Consumer Cyclical
11,sectorKey,consumer-cyclical
12,sectorDisp,Consumer Cyclical
13,longBusinessSummary,"Starbucks Corporation, together with its subsidiaries, operates as a roaster, marketer, and retailer of coffee worldwide. The company operates through three segments: North America, International, and Channel Development. Its stores offer coffee and tea beverages, roasted whole beans and ground coffees, single serve products, and ready-to-drink beverages; and various food products, such as pastries, breakfast sandwiches, and lunch items. The company also licenses its trademarks through licensed stores, and grocery and foodservice accounts. The company offers its products under the Starbucks Coffee, Teavana, Seattle's Best Coffee, Ethos, Starbucks Reserve, and Princi brands. Starbucks Corporation was founded in 1971 and is based in Seattle, Washington."
14,fullTimeEmployees,381000
15,companyOfficers,"[{'maxAge': 1, 'name': 'Mr. Laxman  Narasimhan', 'age': 55, 'title': 'CEO & Director', 'yearBorn': 1968, 'fiscalYear': 2023, 'totalPay': 4886577, 'exercisedValue': 0, 'unexercisedValue': 0}]"
16,auditRisk,3
17,boardRisk,1
18,compensationRisk,2
19,shareHolderRightsRisk,2
20,overallRisk,1
21,governanceEpochDate,1717200000
22,compensationAsOfEpochDate,1703980800
23,irWebsite,http://investor.starbucks.com/phoenix.zhtml?c=99518&p=irol-IRHome
24,maxAge,86400
25,priceHint,2
26,previousClose,81.6
27,open,80.92
28,dayLow,79.75
29,dayHigh,80.97
30,regularMarketPreviousClose,81.6
31,regularMarketOpen,80.92
32,regularMarketDayLow,79.75
33,regularMarketDayHigh,80.97
34,dividendRate,2.28
35,dividendYield,0.0279
36,exDividendDate,1715817600
37,payoutRatio,0.6061
38,fiveYearAvgDividendYield,1.97
39,beta,0.96
40,trailingPE,22.008265
41,forwardPE,19.580883
42,volume,8711654
43,regularMarketVolume,8711654
44,averageVolume,11484061
45,averageVolume10days,10494760
46,averageDailyVolume10Day,10494760
47,bid,79.88
48,ask,79.91
49,bidSize,100
50,askSize,100
51,marketCap,90491404288
52,fiftyTwoWeekLow,71.8
53,fiftyTwoWeekHigh,107.66
54,priceToSalesTrailing12Months,2.4771738
55,fiftyDayAverage,81.904
56,twoHundredDayAverage,91.89965
57,trailingAnnualDividendRate,2.24
58,trailingAnnualDividendYield,0.02745098
59,currency,USD
60,enterpriseValue,112581402624
61,profitMargins,0.11382
62,floatShares,1108097756
63,sharesOutstanding,1132700032
64,sharesShort,19471451
65,sharesShortPriorMonth,17787463
66,sharesShortPreviousMonthDate,1713139200
67,dateShortInterest,1715731200
68,sharesPercentSharesOut,0.0172
69,heldPercentInsiders,0.02039
70,heldPercentInstitutions,0.76065004
71,shortRatio,1.28
72,shortPercentOfFloat,0.0172
73,impliedSharesOutstanding,1167629952
74,bookValue,-7.46
75,lastFiscalYearEnd,1696118400
76,nextFiscalYearEnd,1727740800
77,mostRecentQuarter,1711843200
78,earningsQuarterlyGrowth,-0.15
79,netIncomeToCommon,4157700096
80,trailingEps,3.63
81,forwardEps,3.79
82,pegRatio,2.79
83,lastSplitFactor,2:1
84,lastSplitDate,1428537600
85,enterpriseToRevenue,3.082
86,enterpriseToEbitda,15.82
87,52WeekChange,-0.1893503
88,SandP52WeekChange,0.22599876
89,lastDividendValue,0.57
90,lastDividendDate,1715817600
91,exchange,NMS
92,quoteType,EQUITY
93,symbol,SBUX
94,underlyingSymbol,SBUX
95,shortName,Starbucks Corporation
96,longName,Starbucks Corporation
97,firstTradeDateEpochUtc,709565400
98,timeZoneFullName,America/New_York
99,timeZoneShortName,EDT
100,uuid,008ad8c5-a728-3e78-9380-bba1f5a13a9e
101,messageBoardId,finmb_34745
102,gmtOffSetMilliseconds,-14400000
103,currentPrice,79.89
104,targetHighPrice,120.0
105,targetLowPrice,75.0
106,targetMeanPrice,89.12
107,targetMedianPrice,85.0
108,recommendationMean,2.6
109,recommendationKey,hold
110,numberOfAnalystOpinions,28
111,totalCash,3126599936
112,totalCashPerShare,2.76
113,ebitda,7116299776
114,totalDebt,25209399296
115,quickRatio,0.563
116,currentRatio,0.859
117,totalRevenue,36530098176
118,revenuePerShare,32.048
119,returnOnAssets,0.120570004
120,freeCashflow,2832212480
121,operatingCashflow,6537800192
122,earningsGrowth,-0.139
123,revenueGrowth,-0.018
124,grossMargins,0.27737
125,ebitdaMargins,0.19481
126,operatingMargins,0.12039
127,financialCurrency,USD
128,trailingPegRatio,1.3974
