,index,0
0,address1,5599 San Felipe
1,address2,17th Floor
2,city,Houston
3,state,TX
4,zip,77056
5,country,United States
6,phone,713 513 2000
7,website,https://www.slb.com
8,industry,Oil & Gas Equipment & Services
9,industryKey,oil-gas-equipment-services
10,industryDisp,Oil & Gas Equipment & Services
11,sector,Energy
12,sectorKey,energy
13,sectorDisp,Energy
14,longBusinessSummary,"Schlumberger Limited engages in the provision of technology for the energy industry worldwide. The company operates through four divisions: Digital & Integration, Reservoir Performance, Well Construction, and Production Systems. The company provides field development and hydrocarbon production, carbon management, and integration of adjacent energy systems; reservoir interpretation and data processing services for exploration data; and well construction and production improvement services and products. It also offers subsurface geology and fluids evaluation information; open and cased hole services; exploration and production pressure, and flow-rate measurement services; and pressure pumping, well stimulation, and coiled tubing equipment solutions. In addition, the company offers mud logging, directional drilling, measurement-while-drilling, and logging-while-drilling services, as well as engineering support services; supplies drilling fluid systems; designs, manufactures, and markets roller cone and fixed cutter drill bits; bottom-hole-assembly and borehole enlargement technologies; well cementing products and services; well planning, well drilling, engineering, supervision, logistics, procurement, and contracting of third parties, as well as drilling rig management solutions; and drilling equipment and services, as well as land drilling rigs and related services. Further, it provides artificial lift production equipment and optimization services; supplies packers, safety valves, sand control technology, and various intelligent well completions technology and equipment; designs and manufactures valves, chokes, actuators, and surface trees; and OneSubsea, an integrated solutions, products, systems, and services, including wellheads, subsea trees, manifolds and flowline connectors, control systems, connectors, and services. The company was formerly known as Socie´te´ de Prospection E´lectrique. Schlumberger Limited was founded in 1926 and is based in Houston, Texas."
15,fullTimeEmployees,111000
16,companyOfficers,"[{'maxAge': 1, 'name': 'Mr. Olivier  Le Peuch', 'age': 59, 'title': 'CEO & Director', 'yearBorn': 1964, 'fiscalYear': 2023, 'totalPay': 5226995, 'exercisedValue': 0, 'unexercisedValue': 0}, {'maxAge': 1, 'name': 'Mr. Stephane  Biguet', 'age': 54, 'title': 'Executive VP & CFO', 'yearBorn': 1969, 'fiscalYear': 2023, 'totalPay': 2249772, 'exercisedValue': 0, 'unexercisedValue': 0}, {'maxAge': 1, 'name': 'Ms. Dianne B. Ralston', 'age': 56, 'title': 'Chief Legal Officer & Secretary', 'yearBorn': 1967, 'fiscalYear': 2023, 'totalPay': 1966207, 'exercisedValue': 0, 'unexercisedValue': 0}, {'maxAge': 1, 'name': 'Mr. Khaled  Al Mogharbel', 'age': 52, 'title': 'Executive Vice President of Geographies', 'yearBorn': 1971, 'fiscalYear': 2023, 'totalPay': 2375925, 'exercisedValue': 0, 'unexercisedValue': 0}, {'maxAge': 1, 'name': 'Mr. Abdellah  Merad', 'age': 49, 'title': 'Executive Vice President of Core Services & Equipment', 'yearBorn': 1974, 'fiscalYear': 2023, 'totalPay': 2249007, 'exercisedValue': 0, 'unexercisedValue': 0}, {'maxAge': 1, 'name': 'Mr. Howard  Guild', 'age': 51, 'title': 'Chief Accounting Officer', 'yearBorn': 1972, 'fiscalYear': 2023, 'exercisedValue': 0, 'unexercisedValue': 0}, {'maxAge': 1, 'name': 'Mr. Demosthenis  Pafitis', 'age': 55, 'title': 'Chief Technology Officer', 'yearBorn': 1968, 'fiscalYear': 2023, 'exercisedValue': 0, 'unexercisedValue': 0}, {'maxAge': 1, 'name': 'Mr. Sebastien  Lehnherr', 'title': 'Chief Information Officer', 'fiscalYear': 2023, 'exercisedValue': 0, 'unexercisedValue': 0}, {'maxAge': 1, 'name': 'Mr. James R. McDonald', 'age': 44, 'title': 'Senior Vice President of Investor Relations and Industry Affairs', 'yearBorn': 1979, 'fiscalYear': 2023, 'exercisedValue': 0, 'unexercisedValue': 0}, {'maxAge': 1, 'name': 'Giles  Powell', 'title': 'Director of Corporate Communication', 'fiscalYear': 2023, 'exercisedValue': 0, 'unexercisedValue': 0}]"
17,auditRisk,6
18,boardRisk,2
19,compensationRisk,1
20,shareHolderRightsRisk,4
21,overallRisk,1
22,governanceEpochDate,1717200000
23,compensationAsOfEpochDate,1703980800
24,irWebsite,http://investorcenter.slb.com/phoenix.zhtml?c=97513&p=irol-irhome
25,maxAge,86400
26,priceHint,2
27,previousClose,44.98
28,open,44.58
29,dayLow,44.27
30,dayHigh,45.08
31,regularMarketPreviousClose,44.98
32,regularMarketOpen,44.58
33,regularMarketDayLow,44.27
34,regularMarketDayHigh,45.08
35,dividendRate,1.1
36,dividendYield,0.024500001
37,exDividendDate,1717545600
38,payoutRatio,0.3417
39,fiveYearAvgDividendYield,3.21
40,beta,1.584
41,trailingPE,14.986667
42,forwardPE,10.807693
43,volume,8235423
44,regularMarketVolume,8235423
45,averageVolume,10235617
46,averageVolume10days,15994360
47,averageDailyVolume10Day,15994360
48,bidSize,800
49,askSize,900
50,marketCap,64263127040
51,fiftyTwoWeekLow,42.77
52,fiftyTwoWeekHigh,62.12
53,priceToSalesTrailing12Months,1.8842177
54,fiftyDayAverage,48.9958
55,twoHundredDayAverage,52.5133
56,trailingAnnualDividendRate,1.025
57,trailingAnnualDividendYield,0.022787906
58,currency,USD
59,enterpriseValue,74238025728
60,profitMargins,0.12716
61,floatShares,1424277868
62,sharesOutstanding,1429340032
63,sharesShort,28101499
64,sharesShortPriorMonth,28077537
65,sharesShortPreviousMonthDate,1713139200
66,dateShortInterest,1715731200
67,sharesPercentSharesOut,0.0197
68,heldPercentInsiders,0.00189
69,heldPercentInstitutions,0.83455
70,shortRatio,2.96
71,shortPercentOfFloat,0.0197
72,impliedSharesOutstanding,1429340032
73,bookValue,14.507
74,priceToBook,3.0991933
75,lastFiscalYearEnd,1703980800
76,nextFiscalYearEnd,1735603200
77,mostRecentQuarter,1711843200
78,earningsQuarterlyGrowth,0.143
79,netIncomeToCommon,4336999936
80,trailingEps,3.0
81,forwardEps,3.86
82,pegRatio,0.61
83,lastSplitFactor,2:1
84,lastSplitDate,1144627200
85,enterpriseToRevenue,2.177
86,enterpriseToEbitda,9.905
87,52WeekChange,-0.048445106
88,SandP52WeekChange,0.22599876
89,lastDividendValue,0.275
90,lastDividendDate,1717545600
91,exchange,NYQ
92,quoteType,EQUITY
93,symbol,SLB
94,underlyingSymbol,SLB
95,shortName,Schlumberger N.V.
96,longName,Schlumberger Limited
97,firstTradeDateEpochUtc,378657000
98,timeZoneFullName,America/New_York
99,timeZoneShortName,EDT
100,uuid,2f075ba1-caa4-361d-9c63-7402224be4bf
101,messageBoardId,finmb_301966
102,gmtOffSetMilliseconds,-14400000
103,currentPrice,44.96
104,targetHighPrice,77.0
105,targetLowPrice,53.0
106,targetMeanPrice,66.41
107,targetMedianPrice,66.72
108,recommendationMean,1.8
109,recommendationKey,buy
110,numberOfAnalystOpinions,28
111,totalCash,3491000064
112,totalCashPerShare,2.442
113,ebitda,7495000064
114,totalDebt,12279000064
115,quickRatio,0.909
116,currentRatio,1.374
117,totalRevenue,34105999360
118,debtToEquity,56.01
119,revenuePerShare,23.913
120,returnOnAssets,0.07768
121,returnOnEquity,0.21979
122,freeCashflow,2960999936
123,operatingCashflow,6633999872
124,earningsGrowth,0.138
125,revenueGrowth,0.126
126,grossMargins,0.19973
127,ebitdaMargins,0.21976
128,operatingMargins,0.16045
129,financialCurrency,USD
130,trailingPegRatio,0.8932
