,index,0
0,address1,1 Tesla Road
1,city,Austin
2,state,TX
3,zip,78725
4,country,United States
5,phone,512 516 8177
6,website,https://www.tesla.com
7,industry,Auto Manufacturers
8,industryKey,auto-manufacturers
9,industryDisp,Auto Manufacturers
10,sector,Consumer Cyclical
11,sectorKey,consumer-cyclical
12,sectorDisp,Consumer Cyclical
13,longBusinessSummary,"Tesla, Inc. designs, develops, manufactures, leases, and sells electric vehicles, and energy generation and storage systems in the United States, China, and internationally. The company operates in two segments, Automotive, and Energy Generation and Storage. The Automotive segment offers electric vehicles, as well as sells automotive regulatory credits; and non-warranty after-sales vehicle, used vehicles, body shop and parts, supercharging, retail merchandise, and vehicle insurance services. This segment also provides sedans and sport utility vehicles through direct and used vehicle sales, a network of Tesla Superchargers, and in-app upgrades; purchase financing and leasing services; services for electric vehicles through its company-owned service locations and Tesla mobile service technicians; and vehicle limited warranties and extended service plans. The Energy Generation and Storage segment engages in the design, manufacture, installation, sale, and leasing of solar energy generation and energy storage products, and related services to residential, commercial, and industrial customers and utilities through its website, stores, and galleries, as well as through a network of channel partners; and provision of service and repairs to its energy product customers, including under warranty, as well as various financing options to its solar customers. The company was formerly known as Tesla Motors, Inc. and changed its name to Tesla, Inc. in February 2017. Tesla, Inc. was incorporated in 2003 and is headquartered in Austin, Texas."
14,fullTimeEmployees,140473
15,companyOfficers,"[{'maxAge': 1, 'name': 'Mr. Elon R. Musk', 'age': 51, 'title': 'Technoking of Tesla, CEO & Director', 'yearBorn': 1972, 'fiscalYear': 2023, 'exercisedValue': 1861335, 'unexercisedValue': 68433694720}, {'maxAge': 1, 'name': 'Mr. Vaibhav  Taneja', 'age': 45, 'title': 'Chief Financial Officer', 'yearBorn': 1978, 'fiscalYear': 2023, 'totalPay': 278000, 'exercisedValue': 8517957, 'unexercisedValue': 202075632}, {'maxAge': 1, 'name': 'Mr. Xiaotong  Zhu', 'age': 43, 'title': 'Senior Vice President of Automotive', 'yearBorn': 1980, 'fiscalYear': 2023, 'totalPay': 926877, 'exercisedValue': 0, 'unexercisedValue': 344144320}, {'maxAge': 1, 'name': 'Mr. Martin  Viecha', 'title': 'Vice President of Investor Relations', 'fiscalYear': 2023, 'exercisedValue': 0, 'unexercisedValue': 0}, {'maxAge': 1, 'name': 'Brian  Scelfo', 'title': 'Senior Director of Corporate Development', 'fiscalYear': 2023, 'exercisedValue': 0, 'unexercisedValue': 0}, {'maxAge': 1, 'name': 'Mr. Franz  von Holzhausen', 'title': 'Chief Designer', 'fiscalYear': 2023, 'exercisedValue': 0, 'unexercisedValue': 0}, {'maxAge': 1, 'name': 'Mr. John  Walker', 'age': 60, 'title': 'Vice President of Sales - North America', 'yearBorn': 1963, 'fiscalYear': 2023, 'totalPay': 121550, 'exercisedValue': 0, 'unexercisedValue': 0}, {'maxAge': 1, 'name': 'Mr. Peter  Bannon', 'title': 'Chip Architect', 'fiscalYear': 2023, 'exercisedValue': 0, 'unexercisedValue': 0}, {'maxAge': 1, 'name': 'Mr. Turner  Caldwell', 'title': 'Engineering Manager', 'fiscalYear': 2023, 'exercisedValue': 0, 'unexercisedValue': 0}, {'maxAge': 1, 'name': 'Mr. Rodney D. Westmoreland Jr.', 'title': 'Director of Construction Management', 'fiscalYear': 2023, 'exercisedValue': 0, 'unexercisedValue': 0}]"
16,auditRisk,7
17,boardRisk,9
18,compensationRisk,10
19,shareHolderRightsRisk,9
20,overallRisk,10
21,governanceEpochDate,1717200000
22,compensationAsOfEpochDate,1703980800
23,maxAge,86400
24,priceHint,2
25,previousClose,173.79
26,open,173.92
27,dayLow,167.42
28,dayHigh,174.75
29,regularMarketPreviousClose,173.79
30,regularMarketOpen,173.92
31,regularMarketDayLow,167.42
32,regularMarketDayHigh,174.75
33,beta,2.318
34,trailingPE,43.64706
35,forwardPE,50.640953
36,volume,64354619
37,regularMarketVolume,64354619
38,averageVolume,90402632
39,averageVolume10days,62319920
40,averageDailyVolume10Day,62319920
41,bid,170.62
42,ask,170.7
43,bidSize,100
44,askSize,100
45,marketCap,544268877824
46,fiftyTwoWeekLow,138.8
47,fiftyTwoWeekHigh,299.29
48,priceToSalesTrailing12Months,5.7445655
49,fiftyDayAverage,172.0712
50,twoHundredDayAverage,210.56384
51,currency,USD
52,enterpriseValue,528118218752
53,profitMargins,0.14368
54,floatShares,2772144984
55,sharesOutstanding,3189199872
56,sharesShort,104790820
57,sharesShortPriorMonth,106654831
58,sharesShortPreviousMonthDate,1713139200
59,dateShortInterest,1715731200
60,sharesPercentSharesOut,0.032899998
61,heldPercentInsiders,0.12987
62,heldPercentInstitutions,0.45941
63,shortRatio,1.03
64,shortPercentOfFloat,0.0377
65,impliedSharesOutstanding,3189199872
66,bookValue,20.188
67,priceToBook,8.453537
68,lastFiscalYearEnd,1703980800
69,nextFiscalYearEnd,1735603200
70,mostRecentQuarter,1711843200
71,earningsQuarterlyGrowth,-0.551
72,netIncomeToCommon,13651999744
73,trailingEps,3.91
74,forwardEps,3.13
75,pegRatio,4.47
76,lastSplitFactor,3:1
77,lastSplitDate,1661385600
78,enterpriseToRevenue,5.574
79,enterpriseToEbitda,43.059
80,52WeekChange,-0.32322133
81,SandP52WeekChange,0.22599876
82,exchange,NMS
83,quoteType,EQUITY
84,symbol,TSLA
85,underlyingSymbol,TSLA
86,shortName,"Tesla, Inc."
87,longName,"Tesla, Inc."
88,firstTradeDateEpochUtc,1277818200
89,timeZoneFullName,America/New_York
90,timeZoneShortName,EDT
91,uuid,ec367bc4-f92c-397c-ac81-bf7b43cffaf7
92,messageBoardId,finmb_27444752
93,gmtOffSetMilliseconds,-14400000
94,currentPrice,170.66
95,targetHighPrice,320.0
96,targetLowPrice,22.86
97,targetMeanPrice,182.51
98,targetMedianPrice,180.0
99,recommendationMean,2.7
100,recommendationKey,hold
101,numberOfAnalystOpinions,41
102,totalCash,26862999552
103,totalCashPerShare,8.423
104,ebitda,12264999936
105,totalDebt,9911000064
106,quickRatio,1.05
107,currentRatio,1.716
108,totalRevenue,94745001984
109,debtToEquity,15.206
110,revenuePerShare,29.803
111,returnOnAssets,0.04717
112,returnOnEquity,0.23736
113,freeCashflow,-633124992
114,operatingCashflow,10984999936
115,earningsGrowth,-0.534
116,revenueGrowth,-0.087
117,grossMargins,0.17778999
118,ebitdaMargins,0.12945
119,operatingMargins,0.054970004
120,financialCurrency,USD
121,trailingPegRatio,3.0883
