,index,0
0,address1,UnitedHealth Group Center
1,address2,9900 Bren Road East
2,city,Minnetonka
3,state,MN
4,zip,55343
5,country,United States
6,phone,952 936 1300
7,website,https://www.unitedhealthgroup.com
8,industry,Healthcare Plans
9,industryKey,healthcare-plans
10,industryDisp,Healthcare Plans
11,sector,Healthcare
12,sectorKey,healthcare
13,sectorDisp,Healthcare
14,longBusinessSummary,"UnitedHealth Group Incorporated operates as a diversified health care company in the United States. The company operates through four segments: UnitedHealthcare, Optum Health, Optum Insight, and Optum Rx. The UnitedHealthcare segment offers consumer-oriented health benefit plans and services for national employers, public sector employers, mid-sized employers, small businesses, and individuals; health care coverage, and health and well-being services to individuals age 50 and older addressing their needs; Medicaid plans, children's health insurance and health care programs; and health and dental benefits, and hospital and clinical services, as well as health care benefits products and services to state programs caring for the economically disadvantaged, medically underserved, and those without the benefit of employer-funded health care coverage. The Optum Health segment provides care delivery, care management, wellness and consumer engagement, and health financial services patients, consumers, care delivery systems, providers, employers, payers, and public-sector entities. The Optum Insight segment offers software and information products, advisory consulting arrangements, and managed services outsourcing contracts to hospital systems, physicians, health plans, governments, life sciences companies, and other organizations. The Optum Rx segment provides pharmacy care services and programs, including retail network contracting, home delivery, specialty and community health pharmacy services, infusion, and purchasing and clinical capabilities, as well as develops programs in the areas of step therapy, formulary management, drug adherence, and disease/drug therapy management. UnitedHealth Group Incorporated was founded in 1974 and is based in Minnetonka, Minnesota."
15,fullTimeEmployees,440000
16,companyOfficers,"[{'maxAge': 1, 'name': 'Sir Andrew Philip Witty', 'age': 58, 'title': 'CEO & Non-Independent Director', 'yearBorn': 1965, 'fiscalYear': 2023, 'totalPay': 3533852, 'exercisedValue': 0, 'unexercisedValue': 35714392}, {'maxAge': 1, 'name': 'Mr. John F. Rex', 'age': 61, 'title': 'President & CFO', 'yearBorn': 1962, 'fiscalYear': 2023, 'totalPay': 2673427, 'exercisedValue': 0, 'unexercisedValue': 91985840}, {'maxAge': 1, 'name': 'Mr. Rupert  Bondy', 'age': 61, 'title': 'Senior Counsel & Executive VP of Governance, Compliance and Security', 'yearBorn': 1962, 'fiscalYear': 2023, 'totalPay': 1921400, 'exercisedValue': 0, 'unexercisedValue': 79548}, {'maxAge': 1, 'name': 'Mr. Brian Robert Thompson', 'age': 48, 'title': 'Chief Executive Officer of UnitedHealthcare', 'yearBorn': 1975, 'fiscalYear': 2023, 'totalPay': 2221187, 'exercisedValue': 0, 'unexercisedValue': 23693976}, {'maxAge': 1, 'name': 'Mr. Thomas Edward Roos', 'age': 50, 'title': 'Senior VP & Chief Accounting Officer', 'yearBorn': 1973, 'fiscalYear': 2023, 'exercisedValue': 0, 'unexercisedValue': 0}, {'maxAge': 1, 'name': 'Mr. Sandeep  Dadlani', 'age': 48, 'title': 'Executive VP and Chief Digital & Technology Officer', 'yearBorn': 1975, 'fiscalYear': 2023, 'exercisedValue': 0, 'unexercisedValue': 0}, {'maxAge': 1, 'name': 'Mr. Zachary William Sopcak', 'title': 'Senior Vice President of Capital Markets Communications & Investor Relations', 'fiscalYear': 2023, 'exercisedValue': 0, 'unexercisedValue': 0}, {'maxAge': 1, 'name': 'Mr. Chris  Zaetta', 'title': 'Executive VP, Chief Legal Officer & Corporate Secretary', 'fiscalYear': 2023, 'exercisedValue': 0, 'unexercisedValue': 0}, {'maxAge': 1, 'name': 'Ms. Jennifer Mound Smoter', 'title': 'Senior VP & Chief Communications Officer', 'fiscalYear': 2023, 'exercisedValue': 0, 'unexercisedValue': 0}, {'maxAge': 1, 'name': 'Mr. James T. Barry Jr.', 'age': 77, 'title': 'Director of Sales for Western Pennsylvania', 'yearBorn': 1946, 'fiscalYear': 2023, 'exercisedValue': 0, 'unexercisedValue': 0}]"
17,auditRisk,6
18,boardRisk,6
19,compensationRisk,2
20,shareHolderRightsRisk,1
21,overallRisk,2
22,governanceEpochDate,1717200000
23,compensationAsOfEpochDate,1703980800
24,maxAge,86400
25,priceHint,2
26,previousClose,495.0
27,open,490.86
28,dayLow,490.285
29,dayHigh,497.78
30,regularMarketPreviousClose,495.0
31,regularMarketOpen,490.86
32,regularMarketDayLow,490.285
33,regularMarketDayHigh,497.78
34,dividendRate,8.4
35,dividendYield,0.017
36,exDividendDate,1718582400
37,payoutRatio,0.4591
38,fiveYearAvgDividendYield,1.37
39,beta,0.59
40,trailingPE,30.294264
41,forwardPE,15.991621
42,volume,4220052
43,regularMarketVolume,4220052
44,averageVolume,4059774
45,averageVolume10days,3990630
46,averageDailyVolume10Day,3990630
47,bidSize,1800
48,askSize,800
49,marketCap,456713469952
50,fiftyTwoWeekLow,436.38
51,fiftyTwoWeekHigh,554.7
52,priceToSalesTrailing12Months,1.2035023
53,fiftyDayAverage,490.0612
54,twoHundredDayAverage,509.264
55,trailingAnnualDividendRate,7.52
56,trailingAnnualDividendYield,0.015191919
57,currency,USD
58,enterpriseValue,507870478336
59,profitMargins,0.04048
60,floatShares,917669939
61,sharesOutstanding,920385024
62,sharesShort,8114406
63,sharesShortPriorMonth,7893592
64,sharesShortPreviousMonthDate,1713139200
65,dateShortInterest,1715731200
66,sharesPercentSharesOut,0.0088
67,heldPercentInsiders,0.00226
68,heldPercentInstitutions,0.89548
69,shortRatio,1.92
70,shortPercentOfFloat,0.0088
71,impliedSharesOutstanding,920385024
72,bookValue,94.226
73,priceToBook,5.266275
74,lastFiscalYearEnd,1703980800
75,nextFiscalYearEnd,1735603200
76,mostRecentQuarter,1711843200
77,netIncomeToCommon,15361000448
78,trailingEps,16.38
79,forwardEps,31.03
80,pegRatio,1.39
81,lastSplitFactor,2:1
82,lastSplitDate,1117497600
83,enterpriseToRevenue,1.338
84,enterpriseToEbitda,14.51
85,52WeekChange,0.076414585
86,SandP52WeekChange,0.22599876
87,lastDividendValue,1.88
88,lastDividendDate,1709856000
89,exchange,NYQ
90,quoteType,EQUITY
91,symbol,UNH
92,underlyingSymbol,UNH
93,shortName,UnitedHealth Group Incorporated
94,longName,UnitedHealth Group Incorporated
95,firstTradeDateEpochUtc,466867800
96,timeZoneFullName,America/New_York
97,timeZoneShortName,EDT
98,uuid,33ae4437-560d-3a42-9aa4-234d48c993c5
99,messageBoardId,finmb_104673
100,gmtOffSetMilliseconds,-14400000
101,currentPrice,496.22
102,targetHighPrice,675.0
103,targetLowPrice,481.0
104,targetMeanPrice,575.92
105,targetMedianPrice,572.5
106,recommendationMean,1.7
107,recommendationKey,buy
108,numberOfAnalystOpinions,24
109,totalCash,32710000640
110,totalCashPerShare,35.539
111,ebitda,35001999360
112,totalDebt,73637003264
113,quickRatio,0.758
114,currentRatio,0.817
115,totalRevenue,379486994432
116,debtToEquity,75.979
117,revenuePerShare,410.145
118,returnOnAssets,0.070879996
119,returnOnEquity,0.17222
120,freeCashflow,-930124992
121,operatingCashflow,13884999680
122,revenueGrowth,0.086
123,grossMargins,0.24054001
124,ebitdaMargins,0.09224
125,operatingMargins,0.07947
126,financialCurrency,USD
127,trailingPegRatio,1.3993
