,index,0
0,address1,1400 Douglas Street
1,city,Omaha
2,state,NE
3,zip,68179
4,country,United States
5,phone,402 544 5000
6,website,https://www.up.com
7,industry,Railroads
8,industryKey,railroads
9,industryDisp,Railroads
10,sector,Industrials
11,sectorKey,industrials
12,sectorDisp,Industrials
13,longBusinessSummary,"Union Pacific Corporation, through its subsidiary, Union Pacific Railroad Company, operates in the railroad business in the United States. The company offers transportation services for grain and grain products, fertilizers, food and refrigerated products, and coal and renewables to grain processors, animal feeders, ethanol producers, renewable biofuel producers, and other agricultural users; and construction products, industrial chemicals, plastics, forest products, specialized products, metals and ores, petroleum, liquid petroleum gases, soda ash, and sand, as well as finished automobiles, automotive parts, and merchandise in intermodal containers. Union Pacific Corporation was founded in 1862 and is headquartered in Omaha, Nebraska."
14,fullTimeEmployees,31052
15,companyOfficers,"[{'maxAge': 1, 'name': 'Mr. Vincenzo James Vena', 'age': 64, 'title': 'CEO & Director', 'yearBorn': 1959, 'fiscalYear': 2023, 'totalPay': 2790333, 'exercisedValue': 0, 'unexercisedValue': 0}, {'maxAge': 1, 'name': 'Ms. Elizabeth F. Whited', 'age': 57, 'title': 'President', 'yearBorn': 1966, 'fiscalYear': 2023, 'totalPay': 1013211, 'exercisedValue': 0, 'unexercisedValue': 2787695}, {'maxAge': 1, 'name': 'Ms. Jennifer L. Hamann', 'age': 55, 'title': 'Executive VP & CFO', 'yearBorn': 1968, 'fiscalYear': 2023, 'totalPay': 976876, 'exercisedValue': 0, 'unexercisedValue': 3782018}, {'maxAge': 1, 'name': 'Mr. Kenyatta G. Rocker', 'age': 51, 'title': 'Executive Vice President of Marketing & Sales - Union Pacific Railroad Company', 'yearBorn': 1972, 'fiscalYear': 2023, 'totalPay': 830414, 'exercisedValue': 481270, 'unexercisedValue': 2310168}, {'maxAge': 1, 'name': 'Mr. Eric J. Gehringer', 'age': 43, 'title': 'Executive Vice President of Operations - Union Pacific Railroad Company', 'yearBorn': 1980, 'fiscalYear': 2023, 'totalPay': 907352, 'exercisedValue': 0, 'unexercisedValue': 1055387}, {'maxAge': 1, 'name': 'Mr. Todd M. Rynaski', 'age': 52, 'title': 'Senior VP, Chief Accounting, Risk & Compliance Officer', 'yearBorn': 1971, 'fiscalYear': 2023, 'exercisedValue': 0, 'unexercisedValue': 0}, {'maxAge': 1, 'name': 'Mr. Rahul  Jalali', 'age': 49, 'title': 'Executive VP & Chief Information Officer', 'yearBorn': 1974, 'fiscalYear': 2023, 'exercisedValue': 0, 'unexercisedValue': 0}, {'maxAge': 1, 'name': 'Mr. Brad  Stock', 'title': 'Assistant Vice President of Investor Relations', 'fiscalYear': 2023, 'exercisedValue': 0, 'unexercisedValue': 0}, {'maxAge': 1, 'name': 'Mr. Craig V. Richardson', 'age': 61, 'title': 'Executive VP, Chief Legal Officer & Corporate Secretary', 'yearBorn': 1962, 'fiscalYear': 2023, 'exercisedValue': 0, 'unexercisedValue': 0}, {'maxAge': 1, 'name': 'Ms. Clarissa  Beyah-Taylor', 'title': 'Chief Communications Officer', 'fiscalYear': 2023, 'exercisedValue': 0, 'unexercisedValue': 0}]"
16,auditRisk,6
17,boardRisk,1
18,compensationRisk,4
19,shareHolderRightsRisk,1
20,overallRisk,1
21,governanceEpochDate,1717200000
22,compensationAsOfEpochDate,1703980800
23,irWebsite,http://www.up.com/investors/index.shtml
24,maxAge,86400
25,priceHint,2
26,previousClose,228.95
27,open,227.78
28,dayLow,226.33
29,dayHigh,228.925
30,regularMarketPreviousClose,228.95
31,regularMarketOpen,227.78
32,regularMarketDayLow,226.33
33,regularMarketDayHigh,228.925
34,dividendRate,5.2
35,dividendYield,0.0227
36,exDividendDate,1717113600
37,payoutRatio,0.4967
38,fiveYearAvgDividendYield,2.14
39,beta,1.055
40,trailingPE,21.740917
41,forwardPE,17.850079
42,volume,1616795
43,regularMarketVolume,1616795
44,averageVolume,2260487
45,averageVolume10days,2792400
46,averageDailyVolume10Day,2792400
47,bidSize,900
48,askSize,800
49,marketCap,138747838464
50,fiftyTwoWeekLow,199.06
51,fiftyTwoWeekHigh,258.66
52,priceToSalesTrailing12Months,5.7586055
53,fiftyDayAverage,236.9642
54,twoHundredDayAverage,231.34775
55,trailingAnnualDividendRate,5.2
56,trailingAnnualDividendYield,0.022712382
57,currency,USD
58,enterpriseValue,172008456192
59,profitMargins,0.26521
60,floatShares,608297857
61,sharesOutstanding,610121984
62,sharesShort,4308545
63,sharesShortPriorMonth,4726624
64,sharesShortPreviousMonthDate,1713139200
65,dateShortInterest,1715731200
66,sharesPercentSharesOut,0.0070999996
67,heldPercentInsiders,0.0021600001
68,heldPercentInstitutions,0.80883
69,shortRatio,2.14
70,shortPercentOfFloat,0.0070999996
71,impliedSharesOutstanding,611832000
72,bookValue,25.677
73,priceToBook,8.8565645
74,lastFiscalYearEnd,1703980800
75,nextFiscalYearEnd,1735603200
76,mostRecentQuarter,1711843200
77,earningsQuarterlyGrowth,0.007
78,netIncomeToCommon,6390000128
79,trailingEps,10.46
80,forwardEps,11.82
81,pegRatio,1.39
82,lastSplitFactor,2:1
83,lastSplitDate,1402272000
84,enterpriseToRevenue,7.139
85,enterpriseToEbitda,14.889
86,52WeekChange,0.1292789
87,SandP52WeekChange,0.22599876
88,lastDividendValue,1.3
89,lastDividendDate,1717113600
90,exchange,NYQ
91,quoteType,EQUITY
92,symbol,UNP
93,underlyingSymbol,UNP
94,shortName,Union Pacific Corporation
95,longName,Union Pacific Corporation
96,firstTradeDateEpochUtc,315671400
97,timeZoneFullName,America/New_York
98,timeZoneShortName,EDT
99,uuid,c077bb12-7f5a-3cf2-8062-a182f13672e7
100,messageBoardId,finmb_310078
101,gmtOffSetMilliseconds,-14400000
102,currentPrice,227.41
103,targetHighPrice,290.0
104,targetLowPrice,210.0
105,targetMeanPrice,267.66
106,targetMedianPrice,270.0
107,recommendationMean,2.1
108,recommendationKey,buy
109,numberOfAnalystOpinions,24
110,totalCash,945000000
111,totalCashPerShare,1.549
112,ebitda,11553000448
113,totalDebt,33265999872
114,quickRatio,0.685
115,currentRatio,0.925
116,totalRevenue,24093999104
117,debtToEquity,212.359
118,revenuePerShare,39.573
119,returnOnAssets,0.08644
120,returnOnEquity,0.45450002
121,freeCashflow,3678125056
122,operatingCashflow,8661000192
123,earningsGrowth,0.008
124,revenueGrowth,-0.004
125,grossMargins,0.53946996
126,ebitdaMargins,0.4795
127,operatingMargins,0.39578998
128,financialCurrency,USD
129,trailingPegRatio,2.499
