,2023-12-31,2022-12-31,2021-12-31,2020-12-31,2019-12-31
Tax Effect Of Unusual Items,0.0,0.0,0.0,-404730000.0,
Tax Rate For Calcs,0.12,0.141,0.207,0.27,
Total Unusual Items,,-5000000.0,-76000000.0,-1499000000.0,0.0
Total Unusual Items Excluding Goodwill,,-5000000.0,-76000000.0,-1499000000.0,0.0
Net Income From Continuing Operation Net Minority Interest,19142000000.0,13677000000.0,22109000000.0,3377000000.0,
Reconciled Depreciation,6271000000.0,6832000000.0,7890000000.0,8219000000.0,
Net Interest Income,52375000000.0,44950000000.0,35779000000.0,39956000000.0,
Interest Expense,32743000000.0,9074000000.0,3915000000.0,7963000000.0,
Interest Income,85118000000.0,54024000000.0,39694000000.0,47919000000.0,
Normalized Income,19142000000.0,13677000000.0,22109000000.0,4471270000.0,
Net Income From Continuing And Discontinued Operation,19142000000.0,13677000000.0,22109000000.0,3377000000.0,
Rent Expense Supplemental,,,,,1155000000.0
Diluted Average Shares,3720400000.0,3837000000.0,4096200000.0,4134200000.0,
Basic Average Shares,3688300000.0,3805200000.0,4061900000.0,4118000000.0,
Diluted EPS,4.83,3.27,5.08,0.43,
Basic EPS,4.88,3.3,5.13,0.43,
Diluted NI Availto Com Stockholders,17982000000.0,12562000000.0,20818000000.0,1786000000.0,
Net Income Common Stockholders,17982000000.0,12562000000.0,20818000000.0,1786000000.0,
Preferred Stock Dividends,1160000000.0,1115000000.0,1291000000.0,1591000000.0,
Net Income,19142000000.0,13677000000.0,22109000000.0,3377000000.0,
Minority Interests,113000000.0,299000000.0,-1690000000.0,-285000000.0,
Net Income Including Noncontrolling Interests,19029000000.0,13378000000.0,23799000000.0,3662000000.0,
Net Income Continuous Operations,19029000000.0,13378000000.0,23799000000.0,3662000000.0,
Tax Provision,2607000000.0,2251000000.0,5764000000.0,-1157000000.0,
Pretax Income,21636000000.0,15629000000.0,29563000000.0,2505000000.0,
Other Non Operating Income Expenses,,,,,-4321000000.0
Special Income Charges,,-5000000.0,-76000000.0,-1499000000.0,0.0
Other Special Charges,,,,-71000000.0,-82000000.0
Restructuring And Mergern Acquisition,,5000000.0,76000000.0,1499000000.0,0.0
Gain On Sale Of Security,0.0,0.0,0.0,-1800000000.0,
Depreciation Amortization Depletion Income Statement,,,,,108000000.0
Depreciation And Amortization In Income Statement,,,,,108000000.0
Amortization,,,,,108000000.0
Amortization Of Intangibles Income Statement,,,,,108000000.0
Selling General And Administration,36641000000.0,34845000000.0,36141000000.0,35411000000.0,
Selling And Marketing Expense,812000000.0,505000000.0,600000000.0,600000000.0,
General And Administrative Expense,35829000000.0,34340000000.0,35541000000.0,34811000000.0,
Other Gand A,,,,,673000000.0
Insurance And Claims,,,,,526000000.0
Rent And Landing Fees,,,,,1155000000.0
Salaries And Wages,35829000000.0,34340000000.0,35541000000.0,34811000000.0,
Total Revenue,82597000000.0,74368000000.0,79166000000.0,74264000000.0,
Operating Revenue,82597000000.0,74368000000.0,79166000000.0,74264000000.0,
