,index,0
0,address1,420 Montgomery Street
1,city,San Francisco
2,state,CA
3,zip,94104
4,country,United States
5,phone,866 249 3302
6,website,https://www.wellsfargo.com
7,industry,Banks - Diversified
8,industryKey,banks-diversified
9,industryDisp,Banks - Diversified
10,sector,Financial Services
11,sectorKey,financial-services
12,sectorDisp,Financial Services
13,longBusinessSummary,"Wells Fargo & Company, a financial services company, provides diversified banking, investment, mortgage, and consumer and commercial finance products and services in the United States and internationally. The company operates through four segments: Consumer Banking and Lending; Commercial Banking; Corporate and Investment Banking; and Wealth and Investment Management. The Consumer Banking and Lending segment offers diversified financial products and services for consumers and small businesses. Its financial products and services include checking and savings accounts, and credit and debit cards, as well as home, auto, personal, and small business lending services. The Commercial Banking segment provides financial solutions to private, family owned, and certain public companies. Its products and services include banking and credit products across various industry sectors and municipalities, secured lending and lease products, and treasury management services. The Corporate and Investment Banking segment offers a suite of capital markets, banking, and financial products and services, such as corporate banking, investment banking, treasury management, commercial real estate lending and servicing, equity, and fixed income solutions, as well as sales, trading, and research capabilities services to corporate, commercial real estate, government, and institutional clients. The Wealth and Investment Management segment provides personalized wealth management, brokerage, financial planning, lending, private banking, and trust and fiduciary products and services to affluent, high-net worth, and ultra-high-net worth clients. It also operates through financial advisors in brokerage and wealth offices, consumer bank branches, independent offices, and digitally through WellsTrade and Intuitive Investor. The company was founded in 1852 and is headquartered in San Francisco, California."
14,fullTimeEmployees,224824
15,companyOfficers,"[{'maxAge': 1, 'name': 'Mr. Charles W. Scharf', 'age': 58, 'title': 'President, CEO & Director', 'yearBorn': 1965, 'fiscalYear': 2023, 'totalPay': 9332030, 'exercisedValue': 0, 'unexercisedValue': 0}, {'maxAge': 1, 'name': 'Mr. Michael P. Santomassimo', 'age': 48, 'title': 'Senior EVP & CFO', 'yearBorn': 1975, 'fiscalYear': 2023, 'totalPay': 5099800, 'exercisedValue': 0, 'unexercisedValue': 0}, {'maxAge': 1, 'name': 'Mr. Scott E. Powell', 'age': 61, 'title': 'Senior EVP & COO', 'yearBorn': 1962, 'fiscalYear': 2023, 'totalPay': 4616050, 'exercisedValue': 0, 'unexercisedValue': 0}, {'maxAge': 1, 'name': 'Mr. Jonathan Geoffrey Weiss', 'age': 65, 'title': 'Senior EVP and Co-CEO of Corporate & Investment Banking', 'yearBorn': 1958, 'fiscalYear': 2023, 'totalPay': 5683675, 'exercisedValue': 0, 'unexercisedValue': 0}, {'maxAge': 1, 'name': 'Mr. Barry  Sommers', 'age': 53, 'title': 'Senior EVP and CEO of Wealth & Investment Management', 'yearBorn': 1970, 'fiscalYear': 2023, 'totalPay': 4335858, 'exercisedValue': 0, 'unexercisedValue': 0}, {'maxAge': 1, 'name': 'Ms. Tracy  Kerrins', 'age': 46, 'title': 'Senior EVP & Head of Technology', 'yearBorn': 1977, 'fiscalYear': 2023, 'exercisedValue': 0, 'unexercisedValue': 0}, {'maxAge': 1, 'name': 'Mr. David  Owen', 'title': 'Chief Administrative Officer & Head of Global Operations', 'fiscalYear': 2023, 'exercisedValue': 0, 'unexercisedValue': 0}, {'maxAge': 1, 'name': 'Mr. John M. Campbell', 'title': 'Director of Investor Relations', 'fiscalYear': 2023, 'exercisedValue': 0, 'unexercisedValue': 0}, {'maxAge': 1, 'name': 'Ms. Ellen Reilly Patterson Esq., J.D.', 'age': 49, 'title': 'Senior EVP & General Counsel', 'yearBorn': 1974, 'fiscalYear': 2023, 'exercisedValue': 0, 'unexercisedValue': 0}, {'maxAge': 1, 'name': 'Ms. Paula Ann Dominick', 'age': 63, 'title': 'Chief Compliance Officer', 'yearBorn': 1960, 'fiscalYear': 2023, 'exercisedValue': 0, 'unexercisedValue': 0}]"
16,auditRisk,10
17,boardRisk,2
18,compensationRisk,1
19,shareHolderRightsRisk,6
20,overallRisk,5
21,governanceEpochDate,1717200000
22,compensationAsOfEpochDate,1703980800
23,irWebsite,https://www.wellsfargo.com/invest_relations/investor_relations
24,maxAge,86400
25,priceHint,2
26,previousClose,57.93
27,open,57.75
28,dayLow,56.51
29,dayHigh,57.75
30,regularMarketPreviousClose,57.93
31,regularMarketOpen,57.75
32,regularMarketDayLow,56.51
33,regularMarketDayHigh,57.75
34,dividendRate,1.4
35,dividendYield,0.0242
36,exDividendDate,1715212800
37,payoutRatio,0.28129998
38,fiveYearAvgDividendYield,3.18
39,beta,1.171
40,trailingPE,11.902083
41,forwardPE,10.312275
42,volume,18438708
43,regularMarketVolume,18438708
44,averageVolume,17141875
45,averageVolume10days,14585690
46,averageDailyVolume10Day,14585690
47,bidSize,1200
48,askSize,900
49,marketCap,199173472256
50,fiftyTwoWeekLow,38.39
51,fiftyTwoWeekHigh,62.55
52,priceToSalesTrailing12Months,2.5666354
53,fiftyDayAverage,59.3148
54,twoHundredDayAverage,49.80445
55,trailingAnnualDividendRate,1.35
56,trailingAnnualDividendYield,0.023303987
57,currency,USD
58,enterpriseValue,126107197440
59,profitMargins,0.24188
60,floatShares,3478506012
61,sharesOutstanding,3486320128
62,sharesShort,38130739
63,sharesShortPriorMonth,32497656
64,sharesShortPreviousMonthDate,1713139200
65,dateShortInterest,1715731200
66,sharesPercentSharesOut,0.0109
67,heldPercentInsiders,0.00077
68,heldPercentInstitutions,0.78099996
69,shortRatio,2.0
70,shortPercentOfFloat,0.011
71,impliedSharesOutstanding,3486320128
72,bookValue,46.359
73,priceToBook,1.2323389
74,lastFiscalYearEnd,1703980800
75,nextFiscalYearEnd,1735603200
76,mostRecentQuarter,1711843200
77,earningsQuarterlyGrowth,-0.075
78,netIncomeToCommon,17582000128
79,trailingEps,4.8
80,forwardEps,5.54
81,pegRatio,1.44
82,lastSplitFactor,2:1
83,lastSplitDate,1155513600
84,enterpriseToRevenue,1.625
85,52WeekChange,0.37666345
86,SandP52WeekChange,0.22599876
87,lastDividendValue,0.35
88,lastDividendDate,1715212800
89,exchange,NYQ
90,quoteType,EQUITY
91,symbol,WFC
92,underlyingSymbol,WFC
93,shortName,Wells Fargo & Company
94,longName,Wells Fargo & Company
95,firstTradeDateEpochUtc,76253400
96,timeZoneFullName,America/New_York
97,timeZoneShortName,EDT
98,uuid,0bc07f6d-ca07-3490-b750-d6d47f2b33a9
99,messageBoardId,finmb_292891
100,gmtOffSetMilliseconds,-14400000
101,currentPrice,57.13
102,targetHighPrice,70.0
103,targetLowPrice,48.8
104,targetMeanPrice,63.2
105,targetMedianPrice,63.5
106,recommendationMean,2.4
107,recommendationKey,buy
108,numberOfAnalystOpinions,24
109,totalCash,411367014400
110,totalCashPerShare,117.995
111,totalDebt,317961994240
112,totalRevenue,77600997376
113,revenuePerShare,21.366
114,returnOnAssets,0.00976
115,returnOnEquity,0.10261
116,operatingCashflow,20827000832
117,earningsGrowth,-0.024
118,revenueGrowth,0.021
119,operatingMargins,0.2804
120,financialCurrency,USD
121,trailingPegRatio,22.7176
