,index,0
0,address1,702 South West 8th Street
1,city,Bentonville
2,state,AR
3,zip,72716
4,country,United States
5,phone,479 273 4000
6,website,https://corporate.walmart.com
7,industry,Discount Stores
8,industryKey,discount-stores
9,industryDisp,Discount Stores
10,sector,Consumer Defensive
11,sectorKey,consumer-defensive
12,sectorDisp,Consumer Defensive
13,longBusinessSummary,"Walmart Inc. engages in the operation of retail, wholesale, other units, and eCommerce worldwide. The company operates through three segments: Walmart U.S., Walmart International, and Sam's Club. It operates supercenters, supermarkets, hypermarkets, warehouse clubs, cash and carry stores, and discount stores under Walmart and Walmart Neighborhood Market brands; membership-only warehouse clubs; ecommerce websites, such as walmart.com.mx, walmart.ca, flipkart.com, PhonePe and other sites; and mobile commerce applications. The company offers grocery and consumables, including dairy, meat, bakery, deli, produce, dry, chilled or frozen packaged foods, alcoholic and nonalcoholic beverages, floral, snack foods, candy, other grocery items, health and beauty aids, paper goods, laundry and home care, baby care, pet supplies, and other consumable items; fuel, tobacco and other categories. It is also involved in the provision of health and wellness products covering pharmacy, optical and hearing services, and over-the-counter drugs and other medical products; and home and apparel including home improvement, outdoor living, gardening, furniture, apparel, jewelry, tools and power equipment, housewares, toys, seasonal items, mattresses and tire and battery centers. In addition, the company offers consumer electronics and accessories, software, video games, office supplies, appliances, and third-party gift cards. Further, it operates digital payment platforms; and offers financial services and related products, including money transfers, bill payments, money orders, check cashing, prepaid access, co-branded credit cards, installment lending, and earned wage access. Additionally, the company markets lines of merchandise under private brands, including Allswell, Athletic Works, Equate, and Free Assembly. The company was formerly known as Wal-Mart Stores, Inc. and changed its name to Walmart Inc. in February 2018. Walmart Inc. was founded in 1945 and is based in Bentonville, Arkansas."
14,fullTimeEmployees,2100000
15,companyOfficers,"[{'maxAge': 1, 'name': 'Mr. C. Douglas McMillon', 'age': 57, 'title': 'President, CEO & Director', 'yearBorn': 1966, 'fiscalYear': 2024, 'totalPay': 6227063, 'exercisedValue': 0, 'unexercisedValue': 0}, {'maxAge': 1, 'name': 'Mr. John David Rainey', 'age': 52, 'title': 'Executive VP & CFO', 'yearBorn': 1971, 'fiscalYear': 2024, 'totalPay': 4111259, 'exercisedValue': 0, 'unexercisedValue': 0}, {'maxAge': 1, 'name': 'Mr. Suresh  Kumar', 'age': 57, 'title': 'Global CTO, Chief Development Officer & Executive VP', 'yearBorn': 1966, 'fiscalYear': 2024, 'totalPay': 3661025, 'exercisedValue': 0, 'unexercisedValue': 0}, {'maxAge': 1, 'name': 'Mr. John R. Furner', 'age': 48, 'title': 'Executive VP, CEO & President of Walmart US', 'yearBorn': 1975, 'fiscalYear': 2024, 'totalPay': 4531771, 'exercisedValue': 0, 'unexercisedValue': 0}, {'maxAge': 1, 'name': 'Ms. Kathryn J. McLay', 'age': 48, 'title': 'Executive VP, President & CEO of Walmart International,', 'yearBorn': 1975, 'fiscalYear': 2024, 'totalPay': 3341439, 'exercisedValue': 0, 'unexercisedValue': 0}, {'maxAge': 1, 'name': 'Mr. Christopher  Nicholas', 'age': 45, 'title': ""Executive VP, President & CEO of Sam's Club U.S."", 'yearBorn': 1978, 'fiscalYear': 2024, 'totalPay': 2304533, 'exercisedValue': 0, 'unexercisedValue': 0}, {'maxAge': 1, 'name': 'Ms. Stephanie  Wissink', 'title': 'Senior Vice President of Investor Relations', 'fiscalYear': 2024, 'exercisedValue': 0, 'unexercisedValue': 0}, {'maxAge': 1, 'name': 'Ms. Rachel L. Brand', 'age': 48, 'title': 'Executive VP of Global Governance, Chief Legal Officer & Corporate Secretary', 'yearBorn': 1975, 'fiscalYear': 2024, 'exercisedValue': 0, 'unexercisedValue': 0}, {'maxAge': 1, 'name': 'Mr. Matthew  Miner', 'title': 'Executive VP and Global Chief Ethics & Compliance Officer', 'fiscalYear': 2024, 'exercisedValue': 0, 'unexercisedValue': 0}, {'maxAge': 1, 'name': 'Ms. Allyson  Park', 'title': 'Chief Communications Officer', 'fiscalYear': 2024, 'exercisedValue': 0, 'unexercisedValue': 0}]"
16,auditRisk,2
17,boardRisk,7
18,compensationRisk,6
19,shareHolderRightsRisk,1
20,overallRisk,1
21,governanceEpochDate,1717200000
22,compensationAsOfEpochDate,1735603200
23,maxAge,86400
24,priceHint,2
25,previousClose,66.96
26,open,66.95
27,dayLow,66.35
28,dayHigh,66.96
29,regularMarketPreviousClose,66.96
30,regularMarketOpen,66.95
31,regularMarketDayLow,66.35
32,regularMarketDayHigh,66.96
33,dividendRate,0.83
34,dividendYield,0.0124
35,exDividendDate,1723680000
36,payoutRatio,0.3337
37,fiveYearAvgDividendYield,1.58
38,beta,0.517
39,trailingPE,28.639488
40,forwardPE,24.99251
41,volume,13327482
42,regularMarketVolume,13327482
43,averageVolume,16378553
44,averageVolume10days,16205270
45,averageDailyVolume10Day,16205270
46,bidSize,1400
47,askSize,900
48,marketCap,536745443328
49,fiftyTwoWeekLow,49.84667
50,fiftyTwoWeekHigh,67.57
51,priceToSalesTrailing12Months,0.81655157
52,fiftyDayAverage,61.7878
53,twoHundredDayAverage,56.59185
54,trailingAnnualDividendRate,0.778
55,trailingAnnualDividendYield,0.011618877
56,currency,USD
57,enterpriseValue,600875663360
58,profitMargins,0.02882
59,floatShares,4323887152
60,sharesOutstanding,8043539968
61,sharesShort,43289108
62,sharesShortPriorMonth,35692740
63,sharesShortPreviousMonthDate,1713139200
64,dateShortInterest,1715731200
65,sharesPercentSharesOut,0.0054
66,heldPercentInsiders,0.46327
67,heldPercentInstitutions,0.3496
68,shortRatio,2.9
69,shortPercentOfFloat,0.01
70,impliedSharesOutstanding,8043539968
71,bookValue,10.1
72,priceToBook,6.6069307
73,lastFiscalYearEnd,1706659200
74,nextFiscalYearEnd,1738281600
75,mostRecentQuarter,1714435200
76,earningsQuarterlyGrowth,2.051
77,netIncomeToCommon,18941999104
78,trailingEps,2.33
79,forwardEps,2.48
80,pegRatio,3.37
81,lastSplitFactor,3:1
82,lastSplitDate,1708905600
83,enterpriseToRevenue,0.914
84,enterpriseToEbitda,15.117
85,52WeekChange,0.28055072
86,SandP52WeekChange,0.22599876
87,lastDividendValue,0.208
88,lastDividendDate,1715212800
89,exchange,NYQ
90,quoteType,EQUITY
91,symbol,WMT
92,underlyingSymbol,WMT
93,shortName,Walmart Inc.
94,longName,Walmart Inc.
95,firstTradeDateEpochUtc,83597400
96,timeZoneFullName,America/New_York
97,timeZoneShortName,EDT
98,uuid,902d429a-38af-3903-a1d7-3374c3560928
99,messageBoardId,finmb_313055
100,gmtOffSetMilliseconds,-14400000
101,currentPrice,66.73
102,targetHighPrice,81.0
103,targetLowPrice,64.0
104,targetMeanPrice,72.14
105,targetMedianPrice,72.5
106,recommendationMean,1.8
107,recommendationKey,buy
108,numberOfAnalystOpinions,34
109,totalCash,9404999680
110,totalCashPerShare,1.169
111,ebitda,39749001216
112,totalDebt,66538000384
113,quickRatio,0.192
114,currentRatio,0.803
115,totalRevenue,657331978240
116,debtToEquity,75.363
117,revenuePerShare,81.456
118,returnOnAssets,0.06916
119,returnOnEquity,0.23464
120,freeCashflow,7845000192
121,operatingCashflow,35342000128
122,earningsGrowth,2.043
123,revenueGrowth,0.06
124,grossMargins,0.24499
125,ebitdaMargins,0.06047
126,operatingMargins,0.04236
127,financialCurrency,USD
128,trailingPegRatio,3.0365
