,index,0
0,address1,22777 Springwoods Village Parkway
1,city,Spring
2,state,TX
3,zip,77389-1425
4,country,United States
5,phone,972-940-6000
6,website,https://corporate.exxonmobil.com
7,industry,Oil & Gas Integrated
8,industryKey,oil-gas-integrated
9,industryDisp,Oil & Gas Integrated
10,sector,Energy
11,sectorKey,energy
12,sectorDisp,Energy
13,longBusinessSummary,"Exxon Mobil Corporation engages in the exploration and production of crude oil and natural gas in the United States and internationally. It operates through Upstream, Energy Products, Chemical Products, and Specialty Products segments. The Upstream segment explores for and produces crude oil and natural gas. The Energy Products segment offers fuels, aromatics, and catalysts, as well as licensing services. It sells its products under the Exxon, Esso, and Mobil brands. The Chemical Products segment manufactures and markets petrochemicals including olefins, polyolefins, and intermediates. The Specialty Products segment offers performance products, including lubricants, basestocks, waxes, synthetics, elastomers, and resins. The company also involves in the manufacturing, trade, transport, and sale of crude oil, natural gas, petroleum products, petrochemicals, and other specialty products; and pursuit lower-emission business opportunities, including carbon capture and storage, hydrogen, lower-emission fuels, and lithium. Exxon Mobil Corporation was founded in 1870 and is based in Spring, Texas."
14,fullTimeEmployees,62000
15,companyOfficers,"[{'maxAge': 1, 'name': 'Mr. Darren W. Woods', 'age': 58, 'title': 'Chairman of the Board, President & CEO', 'yearBorn': 1965, 'fiscalYear': 2023, 'totalPay': 7797195, 'exercisedValue': 0, 'unexercisedValue': 0}, {'maxAge': 1, 'name': 'Ms. Kathryn A. Mikells', 'age': 57, 'title': 'Senior VP & CFO', 'yearBorn': 1966, 'fiscalYear': 2023, 'totalPay': 4781391, 'exercisedValue': 0, 'unexercisedValue': 0}, {'maxAge': 1, 'name': 'Mr. Neil A. Chapman', 'age': 61, 'title': 'Senior Vice President', 'yearBorn': 1962, 'fiscalYear': 2023, 'totalPay': 5022441, 'exercisedValue': 0, 'unexercisedValue': 0}, {'maxAge': 1, 'name': 'Mr. Jack P. Williams Jr.', 'age': 59, 'title': 'Senior Vice President', 'yearBorn': 1964, 'fiscalYear': 2023, 'totalPay': 4872389, 'exercisedValue': 0, 'unexercisedValue': 0}, {'maxAge': 1, 'name': 'Ms. Karen T. McKee', 'age': 55, 'title': 'VP & President of ExxonMobil Product Solutions Company', 'yearBorn': 1968, 'fiscalYear': 2023, 'totalPay': 3949304, 'exercisedValue': 0, 'unexercisedValue': 0}, {'maxAge': 1, 'name': 'Mr. Leonard M. Fox', 'age': 59, 'title': 'VP, Principal Accounting Officer & Controller', 'yearBorn': 1964, 'fiscalYear': 2023, 'exercisedValue': 0, 'unexercisedValue': 0}, {'maxAge': 1, 'name': 'Ms. Marina  Matselinskaya', 'title': 'Director of Investor Relations', 'fiscalYear': 2023, 'exercisedValue': 0, 'unexercisedValue': 0}, {'maxAge': 1, 'name': 'Mr. Craig S. Morford', 'age': 64, 'title': 'VP, Secretary & General Counsel', 'yearBorn': 1959, 'fiscalYear': 2023, 'exercisedValue': 0, 'unexercisedValue': 0}, {'maxAge': 1, 'name': 'Ms. Tracey C. Gunnlaugsson', 'title': 'Vice President of Human Resources', 'fiscalYear': 2023, 'exercisedValue': 0, 'unexercisedValue': 0}, {'maxAge': 1, 'name': 'Mr. Daniel L. Ammann', 'age': 51, 'title': 'President of Low Carbon Solutions', 'yearBorn': 1972, 'fiscalYear': 2023, 'exercisedValue': 0, 'unexercisedValue': 0}]"
16,auditRisk,10
17,boardRisk,7
18,compensationRisk,9
19,shareHolderRightsRisk,1
20,overallRisk,7
21,governanceEpochDate,1717200000
22,compensationAsOfEpochDate,1703980800
23,irWebsite,http://ir.exxonmobil.com/phoenix.zhtml?c=115024&p=irol-irhome
24,maxAge,86400
25,priceHint,2
26,previousClose,113.08
27,open,112.49
28,dayLow,111.31
29,dayHigh,112.6701
30,regularMarketPreviousClose,113.08
31,regularMarketOpen,112.49
32,regularMarketDayLow,111.31
33,regularMarketDayHigh,112.6701
34,dividendRate,3.8
35,dividendYield,0.0336
36,exDividendDate,1715644800
37,payoutRatio,0.4559
38,fiveYearAvgDividendYield,5.15
39,beta,0.907
40,trailingPE,13.746324
41,forwardPE,11.469325
42,volume,12413991
43,regularMarketVolume,12413991
44,averageVolume,17905522
45,averageVolume10days,16716320
46,averageDailyVolume10Day,16716320
47,bidSize,800
48,askSize,800
49,marketCap,503186751488
50,fiftyTwoWeekLow,95.77
51,fiftyTwoWeekHigh,123.75
52,priceToSalesTrailing12Months,1.5004779
53,fiftyDayAverage,117.6422
54,twoHundredDayAverage,109.3348
55,trailingAnnualDividendRate,3.72
56,trailingAnnualDividendYield,0.032897063
57,currency,USD
58,enterpriseValue,457209085952
59,profitMargins,0.09781
60,floatShares,3935357433
61,sharesOutstanding,4485929984
62,sharesShort,38017881
63,sharesShortPriorMonth,106529489
64,sharesShortPreviousMonthDate,1713139200
65,dateShortInterest,1715731200
66,sharesPercentSharesOut,0.0085
67,heldPercentInsiders,0.00043000001
68,heldPercentInstitutions,0.56481
69,shortRatio,1.95
70,shortPercentOfFloat,0.0085
71,impliedSharesOutstanding,4485929984
72,bookValue,52.054
73,priceToBook,2.1548777
74,lastFiscalYearEnd,1703980800
75,nextFiscalYearEnd,1735603200
76,mostRecentQuarter,1711843200
77,earningsQuarterlyGrowth,-0.281
78,netIncomeToCommon,32800000000
79,trailingEps,8.16
80,forwardEps,9.08
81,pegRatio,1.88
82,lastSplitFactor,2:1
83,lastSplitDate,995500800
84,enterpriseToRevenue,1.363
85,enterpriseToEbitda,6.755
86,52WeekChange,0.07531381
87,SandP52WeekChange,0.22599876
88,lastDividendValue,0.95
89,lastDividendDate,1715644800
90,exchange,NYQ
91,quoteType,EQUITY
92,symbol,XOM
93,underlyingSymbol,XOM
94,shortName,Exxon Mobil Corporation
95,longName,Exxon Mobil Corporation
96,firstTradeDateEpochUtc,-252322200
97,timeZoneFullName,America/New_York
98,timeZoneShortName,EDT
99,uuid,623c29c3-4307-34c2-840f-d89284dd4857
100,messageBoardId,finmb_406338
101,gmtOffSetMilliseconds,-14400000
102,currentPrice,112.17
103,targetHighPrice,152.0
104,targetLowPrice,110.0
105,targetMeanPrice,131.93
106,targetMedianPrice,131.35
107,recommendationMean,2.3
108,recommendationKey,buy
109,numberOfAnalystOpinions,23
110,totalCash,33319999488
111,totalCashPerShare,8.45
112,ebitda,67689000960
113,totalDebt,40440000512
114,quickRatio,1.025
115,currentRatio,1.382
116,totalRevenue,335350988800
117,debtToEquity,18.981
118,revenuePerShare,83.296
119,returnOnAssets,0.0783
120,returnOnEquity,0.16248
121,freeCashflow,26435874816
122,operatingCashflow,53691998208
123,earningsGrowth,-0.262
124,revenueGrowth,-0.035
125,grossMargins,0.31868
126,ebitdaMargins,0.20185
127,operatingMargins,0.13229999
128,financialCurrency,USD
129,trailingPegRatio,5.0704
